{"Display Name Change": [{"Date": "2021-01-01 15:52:59 UTC", "Display Name": "Tyler Foley"}], "Email Change": [{"Date": "2021-03-27 00:43:03 UTC", "Email Address": "taylarfowey@gmail.com"}, {"Date": "2021-03-27 00:41:01 UTC", "Email Address": "taylarfowey@gmail.com"}], "Mobile Number Change": [{"Date": "2021-01-01 15:54:17 UTC", "Mobile Number": "+447983497952"}], "Password Change": [{"Date": "2021-03-29 23:04:37 UTC"}], "Snapchat Linked to Bitmoji": [], "Spectacles": [], "Two-Factor Authentication": [], "Account deactivated / reactivated": []}