{"Friends": [{"Username": "r_pattison6915", "Display Name": "Rose Pattison", "Timestamp": "2021-01-08 11:53:11 UTC", "Source": "added by added me back"}, {"Username": "jdstafford19", "Display Name": "James Stafford", "Timestamp": "2021-01-19 13:02:21 UTC", "Source": "added by added me back"}, {"Username": "alatto24", "Display Name": "Ash Latto \ud83c\udff4\udb40\udc67\udb40\udc62\udb40\udc65\udb40\udc6e\udb40\udc67\udb40\udc7f\ud83c\udfcd", "Timestamp": "2021-02-19 18:18:58 UTC", "Source": "added by suggested"}, {"Username": "cass22x", "Display Name": "Cassie Turner", "Timestamp": "2021-01-04 22:31:24 UTC", "Source": "added by suggested"}, {"Username": "bexbrit", "Display Name": "Becka Kerrigan", "Timestamp": "2021-01-04 15:10:45 UTC", "Source": "added by suggested"}, {"Username": "emmapoppadom", "Display Name": "Emmapoppleton", "Timestamp": "2021-02-17 12:57:39 UTC", "Source": "added by suggested"}, {"Username": "hayleeshark", "Display Name": "Hayleeshark", "Timestamp": "2021-01-05 13:29:07 UTC", "Source": "added by suggested"}, {"Username": "kelsieprice2015", "Display Name": "Kelsie Burgon \ud83d\udc95", "Timestamp": "2021-02-09 20:42:11 UTC", "Source": "added by shared story"}, {"Username": "jimmyjcorks", "Display Name": "James Corcoran", "Timestamp": "2021-01-04 22:31:26 UTC", "Source": "added by suggested"}, {"Username": "kezzakolan", "Display Name": "Kezza Kolan X", "Timestamp": "2021-02-02 20:27:55 UTC", "Source": "added by added me back"}, {"Username": "kerrymiller4044", "Display Name": "Kerry Miller", "Timestamp": "2021-01-30 20:55:56 UTC", "Source": "added by suggested"}, {"Username": "amber06x", "Display Name": "Amber Graham\ud83d\udc9c", "Timestamp": "2021-01-04 15:10:49 UTC", "Source": "added by suggested"}, {"Username": "jowilly76", "Display Name": "Joanne Wilson", "Timestamp": "2021-01-03 19:20:39 UTC", "Source": "added by suggested"}, {"Username": "evdee8", "Display Name": "Emma", "Timestamp": "2021-01-03 19:21:21 UTC", "Source": "added by suggested"}, {"Username": "teamsnapchat", "Display Name": "Team Snapchat", "Timestamp": "2021-01-01 15:52:59 UTC", "Source": "added by unknown"}, {"Username": "berniehemi", "Display Name": "Bernie\ud83d\udc9ex", "Timestamp": "2021-01-30 20:55:25 UTC", "Source": "added by suggested"}, {"Username": "yorkshire-roast", "Display Name": "Yorkshire Roast", "Timestamp": "2021-01-30 20:55:21 UTC", "Source": "added by suggested"}, {"Username": "jo_rossy", "Display Name": "Jojo", "Timestamp": "2021-01-04 22:31:16 UTC", "Source": "added by suggested"}, {"Username": "laurapaull30", "Display Name": "Laura Paull", "Timestamp": "2021-01-05 12:12:34 UTC", "Source": "added by suggested"}, {"Username": "shereehargr2020", "Display Name": "Sheree Hargreaves", "Timestamp": "2021-01-05 13:29:15 UTC", "Source": "added by suggested"}, {"Username": "nicolakaye2020", "Display Name": "Nicola Kaye", "Timestamp": "2021-01-05 13:28:37 UTC", "Source": "added by suggested"}, {"Username": "anniedalts4", "Display Name": "Annie Dalton", "Timestamp": "2021-01-24 20:37:24 UTC", "Source": "added by phone"}, {"Username": "brionyxox", "Display Name": "Brionyyy", "Timestamp": "2021-02-17 12:57:49 UTC", "Source": "added by suggested"}, {"Username": "kirstie917", "Display Name": "Kirstie Harrison", "Timestamp": "2021-01-03 19:21:30 UTC", "Source": "added by suggested"}, {"Username": "tarakerri", "Display Name": "Tara", "Timestamp": "2021-01-04 22:31:17 UTC", "Source": "added by suggested"}, {"Username": "ruby_price91", "Display Name": "Ruby Price", "Timestamp": "2021-01-06 17:23:03 UTC", "Source": "added by added me back"}, {"Username": "m0lliebowes", "Display Name": "Mol", "Timestamp": "2021-01-03 19:20:32 UTC", "Source": "added by suggested"}, {"Username": "aimeegaff1", "Display Name": "Aimee \ud83e\udd8b", "Timestamp": "2021-01-03 19:20:24 UTC", "Source": "added by suggested"}, {"Username": "chlopow97", "Display Name": "CP\ud83c\udf38", "Timestamp": "2021-01-30 20:56:13 UTC", "Source": "added by suggested"}, {"Username": "caseyljsmith", "Display Name": "Casey", "Timestamp": "2021-01-30 20:56:11 UTC", "Source": "added by suggested"}, {"Username": "mammak1962", "Display Name": "Michelle Kerrigan", "Timestamp": "2021-03-12 12:15:56 UTC", "Source": "added by added me back"}, {"Username": "scorcoran47", "Display Name": "Simone Corcoran", "Timestamp": "2021-01-04 22:31:25 UTC", "Source": "added by suggested"}, {"Username": "l4tto", "Display Name": "Adam Latto", "Timestamp": "2021-01-01 15:55:04 UTC", "Source": "added by username"}, {"Username": "carlaboothx", "Display Name": "Carla", "Timestamp": "2021-01-30 20:55:51 UTC", "Source": "added by suggested"}, {"Username": "rockcliffe2020", "Display Name": "Emma Rockcliffe", "Timestamp": "2021-01-05 13:28:39 UTC", "Source": "added by suggested"}, {"Username": "kim.harrison15", "Display Name": "Kimberley", "Timestamp": "2021-01-01 15:54:23 UTC", "Source": "added by phone"}, {"Username": "kelseyjohnsonxx", "Display Name": "kels \ud83c\udf52", "Timestamp": "2021-01-21 15:06:55 UTC", "Source": "added by added me back"}, {"Username": "t_foley2021", "Display Name": "Tyler Foley", "Timestamp": "2021-01-01 15:52:59 UTC", "Source": "added by unknown"}, {"Username": "pncx", "Display Name": "Paige \ud83e\udd8b\ud83e\udd0d", "Timestamp": "2021-01-07 21:56:21 UTC", "Source": "added by added me back"}, {"Username": "naomidickinsonx", "Display Name": "Ned\ud83e\udd84", "Timestamp": "2021-01-04 15:10:37 UTC", "Source": "added by added me back"}, {"Username": "chloelfoley", "Display Name": "Chloe Foley", "Timestamp": "2021-01-04 15:10:42 UTC", "Source": "added by suggested"}, {"Username": "danniicarsonxx", "Display Name": "Dannii Carson", "Timestamp": "2021-01-03 19:20:28 UTC", "Source": "added by suggested"}, {"Username": "danrobbbo", "Display Name": "DAN\ud83d\udda4", "Timestamp": "2021-01-30 20:55:26 UTC", "Source": "added by suggested"}, {"Username": "carrierobbo3", "Display Name": "Carrie\ud83d\ude1c", "Timestamp": "2021-01-03 19:20:12 UTC", "Source": "added by suggested"}, {"Username": "tillyfoley2017", "Display Name": "Tilly Foley\ud83d\udc97", "Timestamp": "2021-01-30 20:54:39 UTC", "Source": "added by added me back"}, {"Username": "sarahj4141", "Display Name": "Sarah Johnson", "Timestamp": "2021-01-14 16:43:58 UTC", "Source": "added by added me back"}, {"Username": "tkelsie4", "Display Name": "Teagen\ud83e\udde1", "Timestamp": "2021-01-03 19:20:00 UTC", "Source": "added by suggested"}, {"Username": "sarah_johns6952", "Display Name": "Sarah Johnson", "Timestamp": "2021-01-03 19:19:39 UTC", "Source": "added by suggested"}, {"Username": "katie88r", "Display Name": "Katie", "Timestamp": "2021-01-04 15:10:54 UTC", "Source": "added by suggested"}, {"Username": "rubzprice21", "Display Name": "Rubz Price", "Timestamp": "2021-01-17 14:23:48 UTC", "Source": "added by added me back"}, {"Username": "ellemae95", "Display Name": "El", "Timestamp": "2021-03-20 22:45:22 UTC", "Source": "added by suggested"}, {"Username": "mhillreynolds", "Display Name": "Mandy \u2665\ufe0f Reynolds", "Timestamp": "2021-01-30 20:55:28 UTC", "Source": "added by suggested"}, {"Username": "alexislevi_95", "Display Name": "AD x", "Timestamp": "2021-01-20 16:01:35 UTC", "Source": "added by unknown"}, {"Username": "netevers0601", "Display Name": "Annette Evers", "Timestamp": "2021-01-05 12:12:36 UTC", "Source": "added by suggested"}, {"Username": "dhoney0852", "Display Name": "Daniela Honey", "Timestamp": "2021-01-30 20:56:25 UTC", "Source": "added by suggested"}, {"Username": "zapricey", "Display Name": "Auntie Zowie", "Timestamp": "2021-03-20 22:45:19 UTC", "Source": "added by suggested"}, {"Username": "slm97x", "Display Name": "Sophie Monkman \uf483", "Timestamp": "2021-01-05 13:28:49 UTC", "Source": "added by suggested"}, {"Username": "britaneyxox", "Display Name": "Britss\ud83d\udc9b", "Timestamp": "2021-01-22 17:40:17 UTC", "Source": "added by shared username"}], "Friend Requests Sent": [{"Username": "blakeyjordon93", "Display Name": "Jordon Blake", "Timestamp": "2021-02-14 20:35:27 UTC", "Source": "added by username"}, {"Username": "niamhcullen2020", "Display Name": "Niamh Cullen", "Timestamp": "2021-01-30 20:56:23 UTC", "Source": "added by suggested"}, {"Username": "catw84", "Display Name": "Charlotte", "Timestamp": "2021-01-05 13:56:17 UTC", "Source": "added by suggested"}, {"Username": "amyturner85", "Display Name": "Amy\ud83d\udc83\ud83d\udc83", "Timestamp": "2021-01-30 20:56:36 UTC", "Source": "added by suggested"}, {"Username": "mfoley9110", "Display Name": "Marie Foley", "Timestamp": "2021-01-01 15:54:24 UTC", "Source": "added by phone"}, {"Username": "vicky-kenworthy", "Display Name": "Rvic", "Timestamp": "2021-01-30 20:56:18 UTC", "Source": "added by suggested"}, {"Username": "charleywalsh86", "Display Name": "Charley Walsh", "Timestamp": "2021-01-30 20:55:43 UTC", "Source": "added by suggested"}, {"Username": "sophie-trueman", "Display Name": "Sophie Trueman", "Timestamp": "2021-01-30 20:56:01 UTC", "Source": "added by suggested"}, {"Username": "kerry_mille2019", "Display Name": "Kerry Miller", "Timestamp": "2021-02-09 21:59:27 UTC", "Source": "added by username"}, {"Username": "absrich97", "Display Name": "Abs Rich \ud83d\udc51", "Timestamp": "2021-01-06 17:23:13 UTC", "Source": "added by suggested"}, {"Username": "emmadicko78", "Display Name": "Emma \ud83d\ude0d", "Timestamp": "2021-01-22 17:50:22 UTC", "Source": "added by suggested"}, {"Username": "jesshannagarry", "Display Name": "Jess \ud83d\udc95", "Timestamp": "2021-01-20 15:47:28 UTC", "Source": "added by suggested"}, {"Username": "paigeegrant", "Display Name": "Paigee", "Timestamp": "2021-03-31 07:35:40 UTC", "Source": "added by suggested"}, {"Username": "shauna-lineham", "Display Name": "Shauna Lineham \ud83d\udc71\ud83c\udffd\u200d\u2640\ufe0f", "Timestamp": "2021-01-30 20:55:30 UTC", "Source": "added by suggested"}, {"Username": "ghawkins855", "Display Name": "Gina Hawkins", "Timestamp": "2021-01-30 20:55:40 UTC", "Source": "added by suggested"}], "Blocked Users": [], "Deleted Friends": [{"Username": "ruby_price21", "Display Name": "Ruby Price", "Timestamp": "2021-01-31 03:25:46 UTC", "Source": "added by added me back"}, {"Username": "sarahclarke7575", "Display Name": "Sarah Clarke", "Timestamp": "2021-02-11 13:59:55 UTC", "Source": "added by mention"}], "Hidden Friend Suggestions": [{"Username": "wendy_rozycki", "Display Name": "Wendy Rozycki", "Timestamp": "", "Source": "added by unknown"}, {"Username": "claire.m76", "Display Name": "Clazza \ud83d\ude0a", "Timestamp": "", "Source": "added by unknown"}], "Ignored Snapchatters": [{"Username": "paulaadair2021", "Display Name": "Tyler Foley", "Timestamp": "", "Source": "added by unknown"}, {"Username": "coral_wager2020", "Display Name": "Tyler Foley", "Timestamp": "", "Source": "added by unknown"}, {"Username": "ruby_price21", "Display Name": "Tyler Foley", "Timestamp": "", "Source": "added by unknown"}, {"Username": "nelly96666", "Display Name": "Tyler Foley", "Timestamp": "", "Source": "added by unknown"}, {"Username": "louise_joyc9598", "Display Name": "Tyler Foley", "Timestamp": "", "Source": "added by unknown"}, {"Username": "brandonce1998", "Display Name": "Tyler Foley", "Timestamp": "", "Source": "added by unknown"}, {"Username": "pill_ville", "Display Name": "Tyler Foley", "Timestamp": "", "Source": "added by unknown"}, {"Username": "shalom_tchamb20", "Display Name": "Tyler Foley", "Timestamp": "", "Source": "added by unknown"}], "Shortcuts": []}