{"Frequent Locations": [{"City": "leeds", "Country": "gbr", "Region": "lds"}, {"City": "leeds", "Country": "gbr", "Region": "lds"}], "Latest Location": [{"City": "derby", "Country": "gbr", "Region": "der"}], "Home & Work": {}, "Daily Top Locations": [], "Top Locations Per Six-Day Period": [], "Location History": [], "Businesses and public places you may have visited": [], "Areas you may have visited in the last two years": [{"Time": "2021/03/13 19:10:18 UTC", "City": "manchester", "Region": "Manchester", "Postal Code": "m4 1"}, {"Time": "2021/03/10 16:49:31 UTC", "City": "sheffield", "Region": "Sheffield", "Postal Code": "s10 1"}, {"Time": "2021/03/09 19:16:15 UTC", "City": "sheffield", "Region": "Sheffield", "Postal Code": "s11 7"}, {"Time": "2021/04/02 18:10:18 UTC", "City": "wakefield", "Region": "Wakefield", "Postal Code": "wf2 0"}, {"Time": "2021/02/02 18:28:50 UTC", "City": "birmingham", "Region": "Birmingham", "Postal Code": "LS15 7"}, {"Time": "2021/04/02 10:40:32 UTC", "City": "birmingham", "Region": "Birmingham", "Postal Code": "b15 1"}, {"Time": "2021/02/13 20:39:13 UTC", "City": "birmingham", "Region": "Birmingham", "Postal Code": "b17 0"}, {"Time": "2021/01/18 17:27:38 UTC", "City": "birmingham", "Region": "Birmingham", "Postal Code": "b19 1"}, {"Time": "2021/03/28 19:42:56 UTC", "City": "birmingham", "Region": "Birmingham", "Postal Code": "b6 4"}, {"Time": "2021/02/13 20:38:17 UTC", "City": "birmingham", "Region": "Birmingham", "Postal Code": "b8 1"}, {"Time": "2021/02/02 20:40:32 UTC", "City": "birmingham", "Region": "Birmingham", "Postal Code": "b9 4"}, {"Time": "2021/01/26 14:30:50 UTC", "City": "glasgow", "Region": "Glasgow City", "Postal Code": "g1 1"}, {"Time": "2021/01/22 23:13:39 UTC", "City": "great houghton", "Region": "Barnsley", "Postal Code": "s72 0"}, {"Time": "2021/03/16 21:01:19 UTC", "City": "lewisham", "Region": "Lewisham", "Postal Code": "se12 0"}, {"Time": "2021/03/22 03:36:50 UTC", "City": "derby", "Region": "Derby", "Postal Code": "de1 0"}, {"Time": "2021/02/05 19:07:53 UTC", "City": "dewsbury", "Region": "Kirklees", "Postal Code": "wf13 1"}, {"Time": "2021/03/05 23:30:02 UTC", "City": "leeds", "Region": "Leeds", "Postal Code": "LS12 2"}, {"Time": "2021/02/28 17:41:45 UTC", "City": "leeds", "Region": "Leeds", "Postal Code": "LS15 7"}, {"Time": "2021/02/07 19:13:09 UTC", "City": "leeds", "Region": "Leeds", "Postal Code": "LS26 8"}, {"Time": "2021/02/13 21:20:13 UTC", "City": "leeds", "Region": "Leeds", "Postal Code": "LS27 7"}, {"Time": "2021/03/21 00:58:37 UTC", "City": "leeds", "Region": "Leeds", "Postal Code": "ls11 0"}, {"Time": "2021/04/04 16:58:22 UTC", "City": "leeds", "Region": "Leeds", "Postal Code": "ls12 1"}, {"Time": "2021/03/21 11:04:22 UTC", "City": "leeds", "Region": "Leeds", "Postal Code": "ls13 1"}, {"Time": "2021/01/30 15:34:23 UTC", "City": "leeds", "Region": "Leeds", "Postal Code": "ls4 2"}, {"Time": "2021/02/27 16:34:51 UTC", "City": "leeds", "Region": "Leeds", "Postal Code": "ls5 2"}, {"Time": "2021/02/08 15:24:00 UTC", "City": "leeds", "Region": "Leeds", "Postal Code": "ls6 1"}, {"Time": "2021/01/22 20:09:56 UTC", "City": "leeds", "Region": "Leeds", "Postal Code": "ls8 1"}, {"Time": "2021/03/16 22:37:11 UTC", "City": "maidenhead", "Region": "Windsor and Maidenhead", "Postal Code": "sl6 3"}, {"Time": "2021/02/28 12:52:02 UTC", "City": "huddersfield", "Region": "Kirklees", "Postal Code": "LS12 2"}, {"Time": "2021/03/04 20:35:15 UTC", "City": "huddersfield", "Region": "Kirklees", "Postal Code": "LS15 7"}, {"Time": "2021/04/04 16:57:57 UTC", "City": "huddersfield", "Region": "Kirklees", "Postal Code": "hd2 1"}, {"Time": "2021/02/27 17:20:47 UTC", "City": "liversedge", "Region": "Kirklees", "Postal Code": "LS15 7"}, {"Time": "2021/02/28 17:51:53 UTC", "City": "liversedge", "Region": "Kirklees", "Postal Code": "wf15 6"}, {"Time": "2021/03/06 15:37:12 UTC", "City": "bradford", "Region": "Bradford", "Postal Code": "LS10 1"}, {"Time": "2021/02/08 15:24:44 UTC", "City": "bradford", "Region": "Bradford", "Postal Code": "LS15 7"}, {"Time": "2021/03/06 17:34:33 UTC", "City": "bradford", "Region": "Bradford", "Postal Code": "LS26 8"}, {"Time": "2021/02/22 17:55:51 UTC", "City": "bradford", "Region": "Bradford", "Postal Code": "bd1 9"}, {"Time": "2021/03/06 20:41:01 UTC", "City": "bradford", "Region": "Bradford", "Postal Code": "bd12 0"}, {"Time": "2021/01/15 20:46:09 UTC", "City": "bradford", "Region": "Bradford", "Postal Code": "bd5 0"}, {"Time": "2021/02/09 21:57:03 UTC", "City": "bradford", "Region": "Bradford", "Postal Code": "bd7 1"}, {"Time": "2021/02/08 19:58:01 UTC", "City": "barnsley", "Region": "Barnsley", "Postal Code": "LS12 5"}, {"Time": "2021/02/09 21:26:26 UTC", "City": "barnsley", "Region": "Barnsley", "Postal Code": "LS27 7"}, {"Time": "2021/04/01 18:54:22 UTC", "City": "barnsley", "Region": "Barnsley", "Postal Code": "LS9 0"}, {"Time": "2021/04/04 13:09:44 UTC", "City": "barnsley", "Region": "Barnsley", "Postal Code": "s70 1"}, {"Time": "2021/03/27 15:27:51 UTC", "City": "barnsley", "Region": "Barnsley", "Postal Code": "s71 1"}, {"Time": "2021/02/26 16:57:28 UTC", "City": "barnsley", "Region": "Barnsley", "Postal Code": "s75 1"}]}