[{"Date and time (hourly)": "2021-04-03 00:00:00 UTC", "Search Term": "sl", "Location": ""}, {"Date and time (hourly)": "2021-04-03 00:00:00 UTC", "Search Term": "s", "Location": ""}, {"Date and time (hourly)": "2021-04-03 00:00:00 UTC", "Search Term": "tire", "Location": ""}, {"Date and time (hourly)": "2021-04-03 00:00:00 UTC", "Search Term": "tired", "Location": ""}, {"Date and time (hourly)": "2021-04-03 00:00:00 UTC", "Search Term": "tire", "Location": ""}, {"Date and time (hourly)": "2021-04-03 00:00:00 UTC", "Search Term": "tiref", "Location": ""}, {"Date and time (hourly)": "2021-03-08 23:00:00 UTC", "Search Term": "b", "Location": ""}, {"Date and time (hourly)": "2021-03-08 23:00:00 UTC", "Search Term": "t", "Location": ""}]