{"Outgoing Calls": [{"Date & Time": "2021-01-04 17:09:34 UTC", "Type": "AUDIO", "People in Chat": 2, "Result": "Call Failed", "City": "leeds", "Country": "GB", "Length (sec)": 18, "Network": "WIFI"}, {"Date & Time": "2021-01-07 13:37:49 UTC", "Type": "VIDEO", "People in Chat": 2, "Result": "Call Succeeded", "City": "leeds", "Country": "GB", "Length (sec)": 7, "Network": "WIFI"}, {"Date & Time": "2021-01-07 19:12:48 UTC", "Type": "VIDEO", "People in Chat": 2, "Result": "Call Failed", "City": "leeds", "Country": "GB", "Length (sec)": 19, "Network": "WIFI"}, {"Date & Time": "2021-01-07 17:15:46 UTC", "Type": "AUDIO", "People in Chat": 2, "Result": "Call Succeeded", "City": "leeds", "Country": "GB", "Length (sec)": 11, "Network": "WIFI"}, {"Date & Time": "2021-01-13 22:30:25 UTC", "Type": "VIDEO", "People in Chat": 2, "Result": "Call Failed", "City": "leeds", "Country": "GB", "Length (sec)": 18, "Network": "WIFI"}, {"Date & Time": "2021-01-14 16:44:32 UTC", "Type": "VIDEO", "People in Chat": 2, "Result": "Call Failed", "City": "leeds", "Country": "GB", "Length (sec)": 26, "Network": "WIFI"}, {"Date & Time": "2021-01-21 23:48:22 UTC", "Type": "VIDEO", "People in Chat": 0, "Result": "Call Failed", "City": "leeds", "Country": "GB", "Length (sec)": 17, "Network": "UNREACHABLE"}, {"Date & Time": "2021-01-21 18:41:03 UTC", "Type": "VIDEO", "People in Chat": 2, "Result": "Call Failed", "City": "leeds", "Country": "GB", "Length (sec)": 12, "Network": "WIFI"}, {"Date & Time": "2021-01-21 18:40:42 UTC", "Type": "VIDEO", "People in Chat": 2, "Result": "Call Failed", "City": "leeds", "Country": "GB", "Length (sec)": 15, "Network": "WIFI"}, {"Date & Time": "2021-01-22 18:29:27 UTC", "Type": "AUDIO", "People in Chat": 2, "Result": "Call Failed", "City": "golcar", "Country": "GB", "Length (sec)": 16, "Network": "WIFI"}, {"Date & Time": "2021-01-22 20:40:20 UTC", "Type": "AUDIO", "People in Chat": 2, "Result": "Call Failed", "City": "derby", "Country": "GB", "Length (sec)": 19, "Network": "MOBILE"}, {"Date & Time": "2021-01-22 17:58:31 UTC", "Type": "AUDIO", "People in Chat": 2, "Result": "Call Failed", "City": "golcar", "Country": "GB", "Length (sec)": 24, "Network": "WIFI"}, {"Date & Time": "2021-01-22 17:59:34 UTC", "Type": "AUDIO", "People in Chat": 2, "Result": "Call Failed", "City": "golcar", "Country": "GB", "Length (sec)": 17, "Network": "WIFI"}, {"Date & Time": "2021-01-31 18:48:44 UTC", "Type": "VIDEO", "People in Chat": 2, "Result": "Call Succeeded", "City": "leeds", "Country": "GB", "Length (sec)": 10, "Network": "WIFI"}, {"Date & Time": "2021-01-31 19:46:15 UTC", "Type": "VIDEO", "People in Chat": 2, "Result": "Call Failed", "City": "leeds", "Country": "GB", "Length (sec)": 27, "Network": "WIFI"}, {"Date & Time": "2021-02-13 16:26:27 UTC", "Type": "VIDEO", "People in Chat": 2, "Result": "Call Failed", "City": "leeds", "Country": "GB", "Length (sec)": 25, "Network": "WIFI"}, {"Date & Time": "2021-02-13 16:28:27 UTC", "Type": "VIDEO", "People in Chat": 2, "Result": "Call Succeeded", "City": "leeds", "Country": "GB", "Length (sec)": 4, "Network": "WIFI"}, {"Date & Time": "2021-03-02 19:41:27 UTC", "Type": "VIDEO", "People in Chat": 2, "Result": "Call Failed", "City": "leeds", "Country": "GB", "Length (sec)": 1, "Network": "WIFI"}, {"Date & Time": "2021-03-02 16:06:46 UTC", "Type": "VIDEO", "People in Chat": 2, "Result": "Call Failed", "City": "leeds", "Country": "GB", "Length (sec)": 19, "Network": "WIFI"}, {"Date & Time": "2021-03-02 19:40:12 UTC", "Type": "VIDEO", "People in Chat": 2, "Result": "Call Failed", "City": "leeds", "Country": "GB", "Length (sec)": 3, "Network": "WIFI"}, {"Date & Time": "2021-03-09 16:05:59 UTC", "Type": "AUDIO", "People in Chat": 2, "Result": "Call Failed", "City": "leeds", "Country": "GB", "Length (sec)": 18, "Network": "WIFI"}, {"Date & Time": "2021-03-12 17:50:48 UTC", "Type": "VIDEO", "People in Chat": 2, "Result": "Call Failed", "City": "leeds", "Country": "GB", "Length (sec)": 18, "Network": "WIFI"}, {"Date & Time": "2021-03-14 17:40:11 UTC", "Type": "AUDIO", "People in Chat": 0, "Result": "Call Failed", "City": "bradford", "Country": "GB", "Length (sec)": 17, "Network": "UNREACHABLE"}, {"Date & Time": "2021-03-16 19:03:14 UTC", "Type": "AUDIO", "People in Chat": 2, "Result": "Call Failed", "City": "bradford", "Country": "GB", "Length (sec)": 9, "Network": "WIFI"}, {"Date & Time": "2021-03-16 22:32:44 UTC", "Type": "VIDEO", "People in Chat": 2, "Result": "Call Failed", "City": "leeds", "Country": "GB", "Length (sec)": 14, "Network": "WIFI"}, {"Date & Time": "2021-03-16 22:33:03 UTC", "Type": "VIDEO", "People in Chat": 2, "Result": "Call Failed", "City": "leeds", "Country": "GB", "Length (sec)": 12, "Network": "WIFI"}, {"Date & Time": "2021-03-16 23:41:13 UTC", "Type": "AUDIO", "People in Chat": 2, "Result": "Call Failed", "City": "leeds", "Country": "GB", "Length (sec)": 17, "Network": "WIFI"}, {"Date & Time": "2021-03-16 23:44:21 UTC", "Type": "AUDIO", "People in Chat": 2, "Result": "Call Succeeded", "City": "leeds", "Country": "GB", "Length (sec)": 5, "Network": "WIFI"}, {"Date & Time": "2021-03-16 21:00:43 UTC", "Type": "AUDIO", "People in Chat": 2, "Result": "Call Failed", "City": "bradford", "Country": "GB", "Length (sec)": 22, "Network": "WIFI"}, {"Date & Time": "2021-03-20 09:26:00 UTC", "Type": "VIDEO", "People in Chat": 2, "Result": "Call Failed", "City": "leeds", "Country": "GB", "Length (sec)": 18, "Network": "WIFI"}, {"Date & Time": "2021-04-01 19:49:11 UTC", "Type": "AUDIO", "People in Chat": 2, "Result": "Call Succeeded", "City": "hoyland", "Country": "GB", "Length (sec)": 6, "Network": "MOBILE"}, {"Date & Time": "2021-01-04 18:57:18 UTC", "Type": "AUDIO", "People in Chat": 2, "Result": "Call Failed", "City": "leeds", "Country": "GB", "Length (sec)": 14, "Network": "WIFI"}, {"Date & Time": "2021-01-04 15:08:58 UTC", "Type": "AUDIO", "People in Chat": 2, "Result": "Call Failed", "City": "leeds", "Country": "GB", "Length (sec)": 9, "Network": "WIFI"}, {"Date & Time": "2021-01-04 21:52:33 UTC", "Type": "VIDEO", "People in Chat": 2, "Result": "Call Succeeded", "City": "leeds", "Country": "GB", "Length (sec)": 8, "Network": "WIFI"}, {"Date & Time": "2021-01-04 15:21:01 UTC", "Type": "AUDIO", "People in Chat": 2, "Result": "Call Failed", "City": "leeds", "Country": "GB", "Length (sec)": 14, "Network": "WIFI"}, {"Date & Time": "2021-01-07 16:46:01 UTC", "Type": "AUDIO", "People in Chat": 2, "Result": "Call Failed", "City": "leeds", "Country": "GB", "Length (sec)": 10, "Network": "WIFI"}, {"Date & Time": "2021-01-07 17:19:04 UTC", "Type": "AUDIO", "People in Chat": 2, "Result": "Call Failed", "City": "leeds", "Country": "GB", "Length (sec)": 16, "Network": "WIFI"}, {"Date & Time": "2021-01-07 16:45:42 UTC", "Type": "AUDIO", "People in Chat": 2, "Result": "Call Failed", "City": "leeds", "Country": "GB", "Length (sec)": 11, "Network": "WIFI"}, {"Date & Time": "2021-01-07 22:30:42 UTC", "Type": "AUDIO", "People in Chat": 2, "Result": "Call Succeeded", "City": "leeds", "Country": "GB", "Length (sec)": 11, "Network": "WIFI"}, {"Date & Time": "2021-01-07 22:18:13 UTC", "Type": "VIDEO", "People in Chat": 2, "Result": "Call Succeeded", "City": "leeds", "Country": "GB", "Length (sec)": 5, "Network": "WIFI"}, {"Date & Time": "2021-01-07 17:41:47 UTC", "Type": "AUDIO", "People in Chat": 2, "Result": "Call Failed", "City": "leeds", "Country": "GB", "Length (sec)": 21, "Network": "WIFI"}, {"Date & Time": "2021-01-25 19:40:51 UTC", "Type": "VIDEO", "People in Chat": 2, "Result": "Call Failed", "City": "leeds", "Country": "GB", "Length (sec)": 13, "Network": "MOBILE"}, {"Date & Time": "2021-01-25 19:25:07 UTC", "Type": "VIDEO", "People in Chat": 2, "Result": "Call Failed", "City": "derby", "Country": "GB", "Length (sec)": 17, "Network": "MOBILE"}, {"Date & Time": "2021-01-25 19:42:33 UTC", "Type": "VIDEO", "People in Chat": 2, "Result": "Call Succeeded", "City": "leeds", "Country": "GB", "Length (sec)": 26, "Network": "WIFI"}, {"Date & Time": "2021-01-25 19:24:40 UTC", "Type": "VIDEO", "People in Chat": 2, "Result": "Call Failed", "City": "derby", "Country": "GB", "Length (sec)": 21, "Network": "MOBILE"}, {"Date & Time": "2021-01-25 19:45:53 UTC", "Type": "VIDEO", "People in Chat": 2, "Result": "Call Succeeded", "City": "leeds", "Country": "GB", "Length (sec)": 11, "Network": "WIFI"}, {"Date & Time": "2021-01-31 18:47:50 UTC", "Type": "VIDEO", "People in Chat": 2, "Result": "Call Failed", "City": "leeds", "Country": "GB", "Length (sec)": 26, "Network": "WIFI"}, {"Date & Time": "2021-02-01 13:00:40 UTC", "Type": "VIDEO", "People in Chat": 2, "Result": "Call Failed", "City": "leeds", "Country": "GB", "Length (sec)": 13, "Network": "WIFI"}, {"Date & Time": "2021-02-01 13:26:14 UTC", "Type": "VIDEO", "People in Chat": 2, "Result": "Call Failed", "City": "leeds", "Country": "GB", "Length (sec)": 18, "Network": "WIFI"}, {"Date & Time": "2021-02-07 21:14:55 UTC", "Type": "VIDEO", "People in Chat": 2, "Result": "Call Succeeded", "City": "leeds", "Country": "GB", "Length (sec)": 6, "Network": "WIFI"}, {"Date & Time": "2021-02-07 21:33:34 UTC", "Type": "VIDEO", "People in Chat": 2, "Result": "Call Failed", "City": "leeds", "Country": "GB", "Length (sec)": 16, "Network": "WIFI"}, {"Date & Time": "2021-02-18 20:37:49 UTC", "Type": "VIDEO", "People in Chat": 2, "Result": "Call Failed", "City": "leeds", "Country": "GB", "Length (sec)": 26, "Network": "WIFI"}, {"Date & Time": "2021-02-18 19:04:27 UTC", "Type": "VIDEO", "People in Chat": 2, "Result": "Call Succeeded", "City": "leeds", "Country": "GB", "Length (sec)": 12, "Network": "WIFI"}, {"Date & Time": "2021-02-19 18:26:40 UTC", "Type": "AUDIO", "People in Chat": 2, "Result": "Call Failed", "City": "leeds", "Country": "GB", "Length (sec)": 11, "Network": "WIFI"}, {"Date & Time": "2021-02-20 20:35:57 UTC", "Type": "VIDEO", "People in Chat": 2, "Result": "Call Failed", "City": "leeds", "Country": "GB", "Length (sec)": 20, "Network": "WIFI"}, {"Date & Time": "2021-02-20 21:03:58 UTC", "Type": "VIDEO", "People in Chat": 2, "Result": "Call Failed", "City": "leeds", "Country": "GB", "Length (sec)": 4, "Network": "WIFI"}, {"Date & Time": "2021-02-20 16:34:50 UTC", "Type": "VIDEO", "People in Chat": 2, "Result": "Call Succeeded", "City": "derby", "Country": "GB", "Length (sec)": 10, "Network": "MOBILE"}, {"Date & Time": "2021-03-02 19:43:22 UTC", "Type": "VIDEO", "People in Chat": 2, "Result": "Call Failed", "City": "leeds", "Country": "GB", "Length (sec)": 10, "Network": "WIFI"}, {"Date & Time": "2021-03-29 18:32:12 UTC", "Type": "VIDEO", "People in Chat": 2, "Result": "Call Succeeded", "City": "hoyland", "Country": "GB", "Length (sec)": 4, "Network": "MOBILE"}, {"Date & Time": "2021-03-29 17:33:01 UTC", "Type": "VIDEO", "People in Chat": 2, "Result": "Call Succeeded", "City": "birmingham", "Country": "GB", "Length (sec)": 4, "Network": "MOBILE"}, {"Date & Time": "2021-03-29 16:27:24 UTC", "Type": "AUDIO", "People in Chat": 2, "Result": "Call Failed", "City": "birmingham", "Country": "GB", "Length (sec)": 29, "Network": "MOBILE"}, {"Date & Time": "2021-03-29 18:30:14 UTC", "Type": "VIDEO", "People in Chat": 2, "Result": "Call Succeeded", "City": "hoyland", "Country": "GB", "Length (sec)": 11, "Network": "MOBILE"}, {"Date & Time": "2021-04-02 18:07:59 UTC", "Type": "AUDIO", "People in Chat": 2, "Result": "Call Succeeded", "City": "derby", "Country": "GB", "Length (sec)": 12, "Network": "MOBILE"}, {"Date & Time": "2021-04-03 16:11:26 UTC", "Type": "VIDEO", "People in Chat": 2, "Result": "Call Succeeded", "City": "birmingham", "Country": "GB", "Length (sec)": 5, "Network": "MOBILE"}, {"Date & Time": "2021-04-03 11:14:00 UTC", "Type": "VIDEO", "People in Chat": 2, "Result": "Call Failed", "City": "hoyland", "Country": "GB", "Length (sec)": 30, "Network": "MOBILE"}, {"Date & Time": "2021-04-03 11:13:11 UTC", "Type": "VIDEO", "People in Chat": 2, "Result": "Call Failed", "City": "hoyland", "Country": "GB", "Length (sec)": 2, "Network": "MOBILE"}, {"Date & Time": "2021-04-03 11:09:26 UTC", "Type": "VIDEO", "People in Chat": 2, "Result": "Call Succeeded", "City": "hoyland", "Country": "GB", "Length (sec)": 7, "Network": "MOBILE"}, {"Date & Time": "2021-04-04 14:37:03 UTC", "Type": "VIDEO", "People in Chat": 2, "Result": "Call Failed", "City": "derby", "Country": "GB", "Length (sec)": 18, "Network": "MOBILE"}, {"Date & Time": "2021-01-04 22:27:24 UTC", "Type": "AUDIO", "People in Chat": 2, "Result": "Call Failed", "City": "leeds", "Country": "GB", "Length (sec)": 10, "Network": "WIFI"}, {"Date & Time": "2021-01-04 16:20:48 UTC", "Type": "VIDEO", "People in Chat": 2, "Result": "Call Failed", "City": "leeds", "Country": "GB", "Length (sec)": 23, "Network": "WIFI"}, {"Date & Time": "2021-01-04 16:24:31 UTC", "Type": "VIDEO", "People in Chat": 2, "Result": "Call Succeeded", "City": "leeds", "Country": "GB", "Length (sec)": 4, "Network": "WIFI"}, {"Date & Time": "2021-01-04 19:06:24 UTC", "Type": "VIDEO", "People in Chat": 2, "Result": "Call Failed", "City": "leeds", "Country": "GB", "Length (sec)": 18, "Network": "WIFI"}, {"Date & Time": "2021-01-04 15:49:56 UTC", "Type": "VIDEO", "People in Chat": 2, "Result": "Call Failed", "City": "leeds", "Country": "GB", "Length (sec)": 11, "Network": "WIFI"}, {"Date & Time": "2021-01-04 16:23:42 UTC", "Type": "VIDEO", "People in Chat": 2, "Result": "Call Succeeded", "City": "leeds", "Country": "GB", "Length (sec)": 4, "Network": "WIFI"}, {"Date & Time": "2021-01-04 21:51:21 UTC", "Type": "AUDIO", "People in Chat": 2, "Result": "Call Failed", "City": "leeds", "Country": "GB", "Length (sec)": 13, "Network": "WIFI"}, {"Date & Time": "2021-01-04 19:06:45 UTC", "Type": "AUDIO", "People in Chat": 2, "Result": "Call Failed", "City": "leeds", "Country": "GB", "Length (sec)": 16, "Network": "WIFI"}, {"Date & Time": "2021-01-04 15:10:24 UTC", "Type": "AUDIO", "People in Chat": 2, "Result": "Call Failed", "City": "leeds", "Country": "GB", "Length (sec)": 16, "Network": "WIFI"}, {"Date & Time": "2021-01-04 22:30:29 UTC", "Type": "AUDIO", "People in Chat": 2, "Result": "Call Failed", "City": "leeds", "Country": "GB", "Length (sec)": 11, "Network": "WIFI"}, {"Date & Time": "2021-01-04 19:18:19 UTC", "Type": "VIDEO", "People in Chat": 2, "Result": "Call Failed", "City": "leeds", "Country": "GB", "Length (sec)": 17, "Network": "WIFI"}, {"Date & Time": "2021-01-06 19:06:48 UTC", "Type": "VIDEO", "People in Chat": 2, "Result": "Call Failed", "City": "leeds", "Country": "GB", "Length (sec)": 30, "Network": "WIFI"}, {"Date & Time": "2021-01-07 21:37:10 UTC", "Type": "AUDIO", "People in Chat": 2, "Result": "Call Succeeded", "City": "leeds", "Country": "GB", "Length (sec)": 6, "Network": "WIFI"}, {"Date & Time": "2021-01-07 22:24:23 UTC", "Type": "AUDIO", "People in Chat": 2, "Result": "Call Failed", "City": "leeds", "Country": "GB", "Length (sec)": 13, "Network": "WIFI"}, {"Date & Time": "2021-01-07 22:06:58 UTC", "Type": "AUDIO", "People in Chat": 2, "Result": "Call Succeeded", "City": "leeds", "Country": "GB", "Length (sec)": 5, "Network": "WIFI"}, {"Date & Time": "2021-01-07 19:21:56 UTC", "Type": "VIDEO", "People in Chat": 2, "Result": "Call Failed", "City": "leeds", "Country": "GB", "Length (sec)": 17, "Network": "WIFI"}, {"Date & Time": "2021-01-07 21:57:23 UTC", "Type": "AUDIO", "People in Chat": 2, "Result": "Call Succeeded", "City": "leeds", "Country": "GB", "Length (sec)": 2, "Network": "WIFI"}, {"Date & Time": "2021-01-08 00:36:03 UTC", "Type": "AUDIO", "People in Chat": 2, "Result": "Call Failed", "City": "leeds", "Country": "GB", "Length (sec)": 28, "Network": "WIFI"}, {"Date & Time": "2021-01-07 18:56:17 UTC", "Type": "AUDIO", "People in Chat": 2, "Result": "Call Failed", "City": "leeds", "Country": "GB", "Length (sec)": 10, "Network": "WIFI"}, {"Date & Time": "2021-01-07 19:04:14 UTC", "Type": "VIDEO", "People in Chat": 2, "Result": "Call Failed", "City": "leeds", "Country": "GB", "Length (sec)": 17, "Network": "WIFI"}, {"Date & Time": "2021-01-07 21:25:31 UTC", "Type": "AUDIO", "People in Chat": 2, "Result": "Call Failed", "City": "leeds", "Country": "GB", "Length (sec)": 20, "Network": "WIFI"}, {"Date & Time": "2021-01-08 19:32:52 UTC", "Type": "VIDEO", "People in Chat": 2, "Result": "Call Failed", "City": "leeds", "Country": "GB", "Length (sec)": 28, "Network": "WIFI"}, {"Date & Time": "2021-01-08 13:42:46 UTC", "Type": "VIDEO", "People in Chat": 2, "Result": "Call Succeeded", "City": "leeds", "Country": "GB", "Length (sec)": 20, "Network": "WIFI"}, {"Date & Time": "2021-01-08 13:14:08 UTC", "Type": "VIDEO", "People in Chat": 2, "Result": "Call Failed", "City": "leeds", "Country": "GB", "Length (sec)": 9, "Network": "WIFI"}, {"Date & Time": "2021-01-09 02:03:06 UTC", "Type": "AUDIO", "People in Chat": 2, "Result": "Call Failed", "City": "leeds", "Country": "GB", "Length (sec)": 19, "Network": "WIFI"}, {"Date & Time": "2021-01-08 17:59:28 UTC", "Type": "AUDIO", "People in Chat": 2, "Result": "Call Failed", "City": "leeds", "Country": "GB", "Length (sec)": 16, "Network": "WIFI"}, {"Date & Time": "2021-01-08 11:54:41 UTC", "Type": "VIDEO", "People in Chat": 2, "Result": "Call Failed", "City": "leeds", "Country": "GB", "Length (sec)": 27, "Network": "WIFI"}, {"Date & Time": "2021-01-08 19:16:55 UTC", "Type": "VIDEO", "People in Chat": 2, "Result": "Call Failed", "City": "leeds", "Country": "GB", "Length (sec)": 23, "Network": "WIFI"}, {"Date & Time": "2021-01-08 12:00:22 UTC", "Type": "VIDEO", "People in Chat": 2, "Result": "Call Succeeded", "City": "leeds", "Country": "GB", "Length (sec)": 27, "Network": "WIFI"}, {"Date & Time": "2021-01-08 19:17:49 UTC", "Type": "AUDIO", "People in Chat": 2, "Result": "Call Failed", "City": "leeds", "Country": "GB", "Length (sec)": 6, "Network": "WIFI"}, {"Date & Time": "2021-01-08 23:54:39 UTC", "Type": "AUDIO", "People in Chat": 2, "Result": "Call Failed", "City": "leeds", "Country": "GB", "Length (sec)": 2, "Network": "WIFI"}, {"Date & Time": "2021-01-08 12:18:47 UTC", "Type": "AUDIO", "People in Chat": 2, "Result": "Call Failed", "City": "leeds", "Country": "GB", "Length (sec)": 2, "Network": "WIFI"}, {"Date & Time": "2021-01-08 13:12:14 UTC", "Type": "VIDEO", "People in Chat": 2, "Result": "Call Succeeded", "City": "leeds", "Country": "GB", "Length (sec)": 14, "Network": "WIFI"}, {"Date & Time": "2021-01-08 13:25:21 UTC", "Type": "AUDIO", "People in Chat": 2, "Result": "Call Failed", "City": "leeds", "Country": "GB", "Length (sec)": 17, "Network": "WIFI"}, {"Date & Time": "2021-01-09 01:01:33 UTC", "Type": "AUDIO", "People in Chat": 2, "Result": "Call Failed", "City": "leeds", "Country": "GB", "Length (sec)": 21, "Network": "WIFI"}, {"Date & Time": "2021-01-08 19:17:19 UTC", "Type": "VIDEO", "People in Chat": 2, "Result": "Call Failed", "City": "leeds", "Country": "GB", "Length (sec)": 17, "Network": "WIFI"}, {"Date & Time": "2021-01-09 00:29:24 UTC", "Type": "AUDIO", "People in Chat": 2, "Result": "Call Failed", "City": "leeds", "Country": "GB", "Length (sec)": 13, "Network": "WIFI"}, {"Date & Time": "2021-01-08 23:54:52 UTC", "Type": "AUDIO", "People in Chat": 2, "Result": "Call Failed", "City": "leeds", "Country": "GB", "Length (sec)": 1, "Network": "WIFI"}, {"Date & Time": "2021-01-09 01:09:57 UTC", "Type": "AUDIO", "People in Chat": 2, "Result": "Call Failed", "City": "leeds", "Country": "GB", "Length (sec)": 14, "Network": "WIFI"}, {"Date & Time": "2021-01-08 23:59:44 UTC", "Type": "AUDIO", "People in Chat": 2, "Result": "Call Failed", "City": "leeds", "Country": "GB", "Length (sec)": 17, "Network": "WIFI"}, {"Date & Time": "2021-01-09 02:09:31 UTC", "Type": "AUDIO", "People in Chat": 2, "Result": "Call Failed", "City": "leeds", "Country": "GB", "Length (sec)": 10, "Network": "WIFI"}, {"Date & Time": "2021-01-08 13:13:38 UTC", "Type": "VIDEO", "People in Chat": 2, "Result": "Call Failed", "City": "leeds", "Country": "GB", "Length (sec)": 20, "Network": "WIFI"}, {"Date & Time": "2021-01-10 01:32:48 UTC", "Type": "AUDIO", "People in Chat": 2, "Result": "Call Failed", "City": "leeds", "Country": "GB", "Length (sec)": 14, "Network": "WIFI"}, {"Date & Time": "2021-01-11 00:11:31 UTC", "Type": "AUDIO", "People in Chat": 2, "Result": "Call Failed", "City": "leeds", "Country": "GB", "Length (sec)": 17, "Network": "WIFI"}, {"Date & Time": "2021-01-12 15:33:14 UTC", "Type": "VIDEO", "People in Chat": 2, "Result": "Call Failed", "City": "derby", "Country": "GB", "Length (sec)": 16, "Network": "MOBILE"}, {"Date & Time": "2021-01-12 22:58:31 UTC", "Type": "VIDEO", "People in Chat": 2, "Result": "Call Succeeded", "City": "leeds", "Country": "GB", "Length (sec)": 13, "Network": "WIFI"}, {"Date & Time": "2021-01-14 16:45:45 UTC", "Type": "VIDEO", "People in Chat": 2, "Result": "Call Failed", "City": "leeds", "Country": "GB", "Length (sec)": 20, "Network": "WIFI"}, {"Date & Time": "2021-01-14 16:37:01 UTC", "Type": "VIDEO", "People in Chat": 2, "Result": "Call Failed", "City": "leeds", "Country": "GB", "Length (sec)": 29, "Network": "WIFI"}, {"Date & Time": "2021-01-14 12:18:16 UTC", "Type": "VIDEO", "People in Chat": 2, "Result": "Call Failed", "City": "leeds", "Country": "GB", "Length (sec)": 20, "Network": "WIFI"}, {"Date & Time": "2021-01-14 16:46:41 UTC", "Type": "VIDEO", "People in Chat": 2, "Result": "Call Failed", "City": "leeds", "Country": "GB", "Length (sec)": 20, "Network": "WIFI"}, {"Date & Time": "2021-01-14 12:18:31 UTC", "Type": "VIDEO", "People in Chat": 2, "Result": "Call Failed", "City": "leeds", "Country": "GB", "Length (sec)": 9, "Network": "WIFI"}, {"Date & Time": "2021-01-14 16:37:26 UTC", "Type": "VIDEO", "People in Chat": 2, "Result": "Call Failed", "City": "leeds", "Country": "GB", "Length (sec)": 14, "Network": "WIFI"}, {"Date & Time": "2021-01-14 12:49:37 UTC", "Type": "VIDEO", "People in Chat": 2, "Result": "Call Failed", "City": "leeds", "Country": "GB", "Length (sec)": 6, "Network": "WIFI"}, {"Date & Time": "2021-01-14 16:34:04 UTC", "Type": "VIDEO", "People in Chat": 2, "Result": "Call Failed", "City": "leeds", "Country": "GB", "Length (sec)": 26, "Network": "WIFI"}, {"Date & Time": "2021-01-14 12:57:52 UTC", "Type": "VIDEO", "People in Chat": 2, "Result": "Call Succeeded", "City": "leeds", "Country": "GB", "Length (sec)": 7, "Network": "WIFI"}, {"Date & Time": "2021-01-14 12:49:18 UTC", "Type": "VIDEO", "People in Chat": 2, "Result": "Call Failed", "City": "leeds", "Country": "GB", "Length (sec)": 6, "Network": "WIFI"}, {"Date & Time": "2021-01-17 18:24:11 UTC", "Type": "VIDEO", "People in Chat": 2, "Result": "Call Failed", "City": "leeds", "Country": "GB", "Length (sec)": 20, "Network": "WIFI"}, {"Date & Time": "2021-01-18 21:04:09 UTC", "Type": "VIDEO", "People in Chat": 2, "Result": "Call Failed", "City": "leeds", "Country": "GB", "Length (sec)": 27, "Network": "WIFI"}, {"Date & Time": "2021-01-18 16:58:45 UTC", "Type": "VIDEO", "People in Chat": 2, "Result": "Call Failed", "City": "birmingham", "Country": "GB", "Length (sec)": 20, "Network": "MOBILE"}, {"Date & Time": "2021-01-22 20:10:54 UTC", "Type": "AUDIO", "People in Chat": 2, "Result": "Call Failed", "City": "golcar", "Country": "GB", "Length (sec)": 29, "Network": "WIFI"}, {"Date & Time": "2021-01-22 20:06:30 UTC", "Type": "AUDIO", "People in Chat": 2, "Result": "Call Failed", "City": "golcar", "Country": "GB", "Length (sec)": 26, "Network": "WIFI"}, {"Date & Time": "2021-01-23 15:11:47 UTC", "Type": "VIDEO", "People in Chat": 2, "Result": "Call Succeeded", "City": "leeds", "Country": "GB", "Length (sec)": 6, "Network": "WIFI"}, {"Date & Time": "2021-01-27 18:27:29 UTC", "Type": "VIDEO", "People in Chat": 2, "Result": "Call Failed", "City": "leeds", "Country": "GB", "Length (sec)": 20, "Network": "WIFI"}, {"Date & Time": "2021-01-27 13:17:14 UTC", "Type": "AUDIO", "People in Chat": 2, "Result": "Call Failed", "City": "leeds", "Country": "GB", "Length (sec)": 19, "Network": "WIFI"}, {"Date & Time": "2021-01-27 11:58:25 UTC", "Type": "VIDEO", "People in Chat": 2, "Result": "Call Failed", "City": "leeds", "Country": "GB", "Length (sec)": 11, "Network": "WIFI"}, {"Date & Time": "2021-01-27 18:54:57 UTC", "Type": "AUDIO", "People in Chat": 2, "Result": "Call Succeeded", "City": "leeds", "Country": "GB", "Length (sec)": 5, "Network": "WIFI"}, {"Date & Time": "2021-01-27 13:44:38 UTC", "Type": "VIDEO", "People in Chat": 2, "Result": "Call Failed", "City": "leeds", "Country": "GB", "Length (sec)": 19, "Network": "WIFI"}, {"Date & Time": "2021-01-28 15:49:11 UTC", "Type": "AUDIO", "People in Chat": 2, "Result": "Call Failed", "City": "morley", "Country": "GB", "Length (sec)": 24, "Network": "WIFI"}, {"Date & Time": "2021-01-29 18:54:12 UTC", "Type": "VIDEO", "People in Chat": 2, "Result": "Call Failed", "City": "leeds", "Country": "GB", "Length (sec)": 13, "Network": "WIFI"}, {"Date & Time": "2021-01-29 18:56:16 UTC", "Type": "VIDEO", "People in Chat": 2, "Result": "Call Failed", "City": "leeds", "Country": "GB", "Length (sec)": 11, "Network": "WIFI"}, {"Date & Time": "2021-01-29 20:24:12 UTC", "Type": "VIDEO", "People in Chat": 2, "Result": "Call Succeeded", "City": "leeds", "Country": "GB", "Length (sec)": 5, "Network": "WIFI"}, {"Date & Time": "2021-01-29 18:48:54 UTC", "Type": "VIDEO", "People in Chat": 2, "Result": "Call Succeeded", "City": "leeds", "Country": "GB", "Length (sec)": 5, "Network": "WIFI"}, {"Date & Time": "2021-01-29 18:48:29 UTC", "Type": "VIDEO", "People in Chat": 2, "Result": "Call Failed", "City": "leeds", "Country": "GB", "Length (sec)": 13, "Network": "WIFI"}, {"Date & Time": "2021-01-30 20:55:10 UTC", "Type": "VIDEO", "People in Chat": 2, "Result": "Call Failed", "City": "leeds", "Country": "GB", "Length (sec)": 19, "Network": "WIFI"}, {"Date & Time": "2021-01-30 21:02:30 UTC", "Type": "VIDEO", "People in Chat": 2, "Result": "Call Succeeded", "City": "leeds", "Country": "GB", "Length (sec)": 5, "Network": "WIFI"}, {"Date & Time": "2021-01-30 20:57:02 UTC", "Type": "VIDEO", "People in Chat": 2, "Result": "Call Failed", "City": "leeds", "Country": "GB", "Length (sec)": 7, "Network": "WIFI"}, {"Date & Time": "2021-02-01 13:59:34 UTC", "Type": "AUDIO", "People in Chat": 2, "Result": "Call Succeeded", "City": "leeds", "Country": "GB", "Length (sec)": 20, "Network": "WIFI"}, {"Date & Time": "2021-02-02 19:56:24 UTC", "Type": "AUDIO", "People in Chat": 2, "Result": "Call Failed", "City": "derby", "Country": "GB", "Length (sec)": 24, "Network": "MOBILE"}, {"Date & Time": "2021-02-02 20:08:13 UTC", "Type": "AUDIO", "People in Chat": 2, "Result": "Call Failed", "City": "derby", "Country": "GB", "Length (sec)": 10, "Network": "MOBILE"}, {"Date & Time": "2021-02-02 17:04:25 UTC", "Type": "VIDEO", "People in Chat": 2, "Result": "Call Failed", "City": "derby", "Country": "GB", "Length (sec)": 20, "Network": "MOBILE"}, {"Date & Time": "2021-02-03 19:19:29 UTC", "Type": "AUDIO", "People in Chat": 2, "Result": "Call Succeeded", "City": "leeds", "Country": "GB", "Length (sec)": 7, "Network": "WIFI"}, {"Date & Time": "2021-02-03 20:43:44 UTC", "Type": "AUDIO", "People in Chat": 2, "Result": "Call Failed", "City": "leeds", "Country": "GB", "Length (sec)": 8, "Network": "WIFI"}, {"Date & Time": "2021-02-03 18:48:59 UTC", "Type": "AUDIO", "People in Chat": 2, "Result": "Call Failed", "City": "leeds", "Country": "GB", "Length (sec)": 18, "Network": "WIFI"}, {"Date & Time": "2021-02-03 19:17:49 UTC", "Type": "AUDIO", "People in Chat": 2, "Result": "Call Failed", "City": "leeds", "Country": "GB", "Length (sec)": 17, "Network": "WIFI"}, {"Date & Time": "2021-02-05 18:07:51 UTC", "Type": "VIDEO", "People in Chat": 2, "Result": "Call Succeeded", "City": "leeds", "Country": "GB", "Length (sec)": 9, "Network": "WIFI"}, {"Date & Time": "2021-02-08 15:48:40 UTC", "Type": "VIDEO", "People in Chat": 2, "Result": "Call Succeeded", "City": "leeds", "Country": "GB", "Length (sec)": 13, "Network": "WIFI"}, {"Date & Time": "2021-02-08 21:13:34 UTC", "Type": "AUDIO", "People in Chat": 2, "Result": "Call Failed", "City": "leeds", "Country": "GB", "Length (sec)": 20, "Network": "WIFI"}, {"Date & Time": "2021-02-10 22:35:56 UTC", "Type": "AUDIO", "People in Chat": 2, "Result": "Call Succeeded", "City": "leeds", "Country": "GB", "Length (sec)": 16, "Network": "WIFI"}, {"Date & Time": "2021-02-10 23:37:10 UTC", "Type": "VIDEO", "People in Chat": 2, "Result": "Call Failed", "City": "leeds", "Country": "GB", "Length (sec)": 23, "Network": "WIFI"}, {"Date & Time": "2021-02-13 15:41:38 UTC", "Type": "AUDIO", "People in Chat": 2, "Result": "Call Failed", "City": "leeds", "Country": "GB", "Length (sec)": 17, "Network": "WIFI"}, {"Date & Time": "2021-02-13 20:28:11 UTC", "Type": "AUDIO", "People in Chat": 0, "Result": "Call Failed", "City": "birmingham", "Country": "GB", "Length (sec)": 17, "Network": "UNREACHABLE"}, {"Date & Time": "2021-02-13 14:45:48 UTC", "Type": "VIDEO", "People in Chat": 2, "Result": "Call Succeeded", "City": "leeds", "Country": "GB", "Length (sec)": 7, "Network": "WIFI"}, {"Date & Time": "2021-02-13 16:28:08 UTC", "Type": "VIDEO", "People in Chat": 2, "Result": "Call Failed", "City": "leeds", "Country": "GB", "Length (sec)": 24, "Network": "WIFI"}, {"Date & Time": "2021-02-13 16:31:47 UTC", "Type": "VIDEO", "People in Chat": 2, "Result": "Call Succeeded", "City": "leeds", "Country": "GB", "Length (sec)": 2, "Network": "WIFI"}, {"Date & Time": "2021-02-13 16:26:00 UTC", "Type": "VIDEO", "People in Chat": 2, "Result": "Call Failed", "City": "leeds", "Country": "GB", "Length (sec)": 2, "Network": "WIFI"}, {"Date & Time": "2021-02-14 20:12:51 UTC", "Type": "VIDEO", "People in Chat": 2, "Result": "Call Succeeded", "City": "leeds", "Country": "GB", "Length (sec)": 9, "Network": "WIFI"}, {"Date & Time": "2021-02-14 19:47:36 UTC", "Type": "VIDEO", "People in Chat": 2, "Result": "Call Failed", "City": "leeds", "Country": "GB", "Length (sec)": 30, "Network": "WIFI"}, {"Date & Time": "2021-02-15 21:35:42 UTC", "Type": "AUDIO", "People in Chat": 2, "Result": "Call Succeeded", "City": "leeds", "Country": "GB", "Length (sec)": 11, "Network": "WIFI"}, {"Date & Time": "2021-02-15 13:46:38 UTC", "Type": "AUDIO", "People in Chat": 2, "Result": "Call Succeeded", "City": "leeds", "Country": "GB", "Length (sec)": 15, "Network": "WIFI"}, {"Date & Time": "2021-02-15 21:37:20 UTC", "Type": "VIDEO", "People in Chat": 2, "Result": "Call Failed", "City": "leeds", "Country": "GB", "Length (sec)": 17, "Network": "WIFI"}, {"Date & Time": "2021-02-15 14:02:01 UTC", "Type": "AUDIO", "People in Chat": 2, "Result": "Call Failed", "City": "leeds", "Country": "GB", "Length (sec)": 21, "Network": "WIFI"}, {"Date & Time": "2021-02-15 13:50:15 UTC", "Type": "VIDEO", "People in Chat": 2, "Result": "Call Succeeded", "City": "leeds", "Country": "GB", "Length (sec)": 2, "Network": "WIFI"}, {"Date & Time": "2021-02-15 21:20:03 UTC", "Type": "AUDIO", "People in Chat": 2, "Result": "Call Failed", "City": "leeds", "Country": "GB", "Length (sec)": 18, "Network": "WIFI"}, {"Date & Time": "2021-02-15 13:48:06 UTC", "Type": "VIDEO", "People in Chat": 2, "Result": "Call Succeeded", "City": "leeds", "Country": "GB", "Length (sec)": 9, "Network": "WIFI"}, {"Date & Time": "2021-02-16 21:47:50 UTC", "Type": "AUDIO", "People in Chat": 2, "Result": "Call Failed", "City": "leeds", "Country": "GB", "Length (sec)": 12, "Network": "WIFI"}, {"Date & Time": "2021-02-16 16:15:26 UTC", "Type": "VIDEO", "People in Chat": 2, "Result": "Call Failed", "City": "leeds", "Country": "GB", "Length (sec)": 13, "Network": "WIFI"}, {"Date & Time": "2021-02-16 16:15:06 UTC", "Type": "VIDEO", "People in Chat": 2, "Result": "Call Failed", "City": "leeds", "Country": "GB", "Length (sec)": 14, "Network": "WIFI"}, {"Date & Time": "2021-02-16 16:24:46 UTC", "Type": "VIDEO", "People in Chat": 2, "Result": "Call Succeeded", "City": "leeds", "Country": "GB", "Length (sec)": 9, "Network": "WIFI"}, {"Date & Time": "2021-02-16 16:21:42 UTC", "Type": "VIDEO", "People in Chat": 2, "Result": "Call Succeeded", "City": "leeds", "Country": "GB", "Length (sec)": 13, "Network": "WIFI"}, {"Date & Time": "2021-02-16 12:33:12 UTC", "Type": "AUDIO", "People in Chat": 2, "Result": "Call Failed", "City": "derby", "Country": "GB", "Length (sec)": 22, "Network": "MOBILE"}, {"Date & Time": "2021-02-17 12:14:58 UTC", "Type": "AUDIO", "People in Chat": 2, "Result": "Call Failed", "City": "leeds", "Country": "GB", "Length (sec)": 17, "Network": "WIFI"}, {"Date & Time": "2021-02-17 15:02:56 UTC", "Type": "VIDEO", "People in Chat": 2, "Result": "Call Succeeded", "City": "derby", "Country": "GB", "Length (sec)": 15, "Network": "MOBILE"}, {"Date & Time": "2021-02-17 17:54:51 UTC", "Type": "AUDIO", "People in Chat": 2, "Result": "Call Succeeded", "City": "derby", "Country": "GB", "Length (sec)": 5, "Network": "MOBILE"}, {"Date & Time": "2021-02-17 17:10:12 UTC", "Type": "AUDIO", "People in Chat": 2, "Result": "Call Failed", "City": "derby", "Country": "GB", "Length (sec)": 7, "Network": "MOBILE"}, {"Date & Time": "2021-02-21 19:04:32 UTC", "Type": "VIDEO", "People in Chat": 2, "Result": "Call Failed", "City": "leeds", "Country": "GB", "Length (sec)": 12, "Network": "WIFI"}, {"Date & Time": "2021-02-21 11:51:15 UTC", "Type": "AUDIO", "People in Chat": 2, "Result": "Call Failed", "City": "leeds", "Country": "GB", "Length (sec)": 26, "Network": "WIFI"}, {"Date & Time": "2021-02-21 18:59:40 UTC", "Type": "VIDEO", "People in Chat": 2, "Result": "Call Failed", "City": "leeds", "Country": "GB", "Length (sec)": 22, "Network": "WIFI"}, {"Date & Time": "2021-02-22 18:27:47 UTC", "Type": "VIDEO", "People in Chat": 2, "Result": "Call Failed", "City": "leeds", "Country": "GB", "Length (sec)": 18, "Network": "WIFI"}, {"Date & Time": "2021-02-22 18:24:16 UTC", "Type": "VIDEO", "People in Chat": 2, "Result": "Call Failed", "City": "leeds", "Country": "GB", "Length (sec)": 6, "Network": "WIFI"}, {"Date & Time": "2021-02-22 17:58:50 UTC", "Type": "VIDEO", "People in Chat": 2, "Result": "Call Failed", "City": "leeds", "Country": "GB", "Length (sec)": 25, "Network": "WIFI"}, {"Date & Time": "2021-02-22 17:27:13 UTC", "Type": "AUDIO", "People in Chat": 2, "Result": "Call Failed", "City": "leeds", "Country": "GB", "Length (sec)": 23, "Network": "WIFI"}, {"Date & Time": "2021-02-26 19:58:43 UTC", "Type": "VIDEO", "People in Chat": 2, "Result": "Call Failed", "City": "leeds", "Country": "GB", "Length (sec)": 19, "Network": "WIFI"}, {"Date & Time": "2021-02-26 19:57:38 UTC", "Type": "VIDEO", "People in Chat": 2, "Result": "Call Failed", "City": "leeds", "Country": "GB", "Length (sec)": 20, "Network": "WIFI"}, {"Date & Time": "2021-03-04 15:29:32 UTC", "Type": "AUDIO", "People in Chat": 2, "Result": "Call Failed", "City": "leeds", "Country": "GB", "Length (sec)": 18, "Network": "WIFI"}, {"Date & Time": "2021-03-05 16:42:02 UTC", "Type": "AUDIO", "People in Chat": 2, "Result": "Call Failed", "City": "leeds", "Country": "GB", "Length (sec)": 30, "Network": "WIFI"}, {"Date & Time": "2021-03-05 18:27:21 UTC", "Type": "AUDIO", "People in Chat": 2, "Result": "Call Failed", "City": "leeds", "Country": "GB", "Length (sec)": 15, "Network": "WIFI"}, {"Date & Time": "2021-03-07 19:06:37 UTC", "Type": "VIDEO", "People in Chat": 2, "Result": "Call Succeeded", "City": "leeds", "Country": "GB", "Length (sec)": 5, "Network": "WIFI"}, {"Date & Time": "2021-03-14 01:30:09 UTC", "Type": "AUDIO", "People in Chat": 2, "Result": "Call Succeeded", "City": "leeds", "Country": "GB", "Length (sec)": 13, "Network": "WIFI"}, {"Date & Time": "2021-03-14 02:58:17 UTC", "Type": "AUDIO", "People in Chat": 2, "Result": "Call Succeeded", "City": "leeds", "Country": "GB", "Length (sec)": 11, "Network": "WIFI"}, {"Date & Time": "2021-03-16 19:19:33 UTC", "Type": "VIDEO", "People in Chat": 2, "Result": "Call Failed", "City": "bradford", "Country": "GB", "Length (sec)": 17, "Network": "WIFI"}, {"Date & Time": "2021-03-16 23:36:11 UTC", "Type": "AUDIO", "People in Chat": 2, "Result": "Call Failed", "City": "leeds", "Country": "GB", "Length (sec)": 18, "Network": "WIFI"}, {"Date & Time": "2021-03-17 03:12:58 UTC", "Type": "AUDIO", "People in Chat": 2, "Result": "Call Failed", "City": "leeds", "Country": "GB", "Length (sec)": 4, "Network": "WIFI"}, {"Date & Time": "2021-03-16 23:42:05 UTC", "Type": "AUDIO", "People in Chat": 2, "Result": "Call Failed", "City": "leeds", "Country": "GB", "Length (sec)": 14, "Network": "WIFI"}, {"Date & Time": "2021-03-16 20:15:50 UTC", "Type": "VIDEO", "People in Chat": 2, "Result": "Call Failed", "City": "lewisham", "Country": "GB", "Length (sec)": 11, "Network": "WIFI"}, {"Date & Time": "2021-03-16 22:33:15 UTC", "Type": "VIDEO", "People in Chat": 2, "Result": "Call Succeeded", "City": "leeds", "Country": "GB", "Length (sec)": 6, "Network": "WIFI"}, {"Date & Time": "2021-03-16 23:40:27 UTC", "Type": "AUDIO", "People in Chat": 2, "Result": "Call Succeeded", "City": "leeds", "Country": "GB", "Length (sec)": 4, "Network": "WIFI"}, {"Date & Time": "2021-03-16 19:19:10 UTC", "Type": "AUDIO", "People in Chat": 2, "Result": "Call Failed", "City": "bradford", "Country": "GB", "Length (sec)": 15, "Network": "WIFI"}, {"Date & Time": "2021-03-16 23:41:26 UTC", "Type": "AUDIO", "People in Chat": 2, "Result": "Call Succeeded", "City": "leeds", "Country": "GB", "Length (sec)": 0, "Network": "WIFI"}, {"Date & Time": "2021-03-16 23:43:26 UTC", "Type": "AUDIO", "People in Chat": 2, "Result": "Call Failed", "City": "leeds", "Country": "GB", "Length (sec)": 20, "Network": "WIFI"}, {"Date & Time": "2021-03-16 23:36:23 UTC", "Type": "AUDIO", "People in Chat": 2, "Result": "Call Succeeded", "City": "leeds", "Country": "GB", "Length (sec)": 9, "Network": "WIFI"}, {"Date & Time": "2021-03-17 22:45:58 UTC", "Type": "VIDEO", "People in Chat": 2, "Result": "Call Failed", "City": "leeds", "Country": "GB", "Length (sec)": 14, "Network": "WIFI"}, {"Date & Time": "2021-03-17 23:08:41 UTC", "Type": "VIDEO", "People in Chat": 2, "Result": "Call Succeeded", "City": "leeds", "Country": "GB", "Length (sec)": 7, "Network": "WIFI"}, {"Date & Time": "2021-03-17 23:09:43 UTC", "Type": "VIDEO", "People in Chat": 2, "Result": "Call Succeeded", "City": "leeds", "Country": "GB", "Length (sec)": 0, "Network": "WIFI"}, {"Date & Time": "2021-03-17 23:10:03 UTC", "Type": "VIDEO", "People in Chat": 2, "Result": "Call Succeeded", "City": "leeds", "Country": "GB", "Length (sec)": 0, "Network": "WIFI"}, {"Date & Time": "2021-03-17 19:30:29 UTC", "Type": "AUDIO", "People in Chat": 2, "Result": "Call Failed", "City": "derby", "Country": "GB", "Length (sec)": 14, "Network": "MOBILE"}, {"Date & Time": "2021-03-18 11:48:50 UTC", "Type": "VIDEO", "People in Chat": 2, "Result": "Call Failed", "City": "leeds", "Country": "GB", "Length (sec)": 17, "Network": "WIFI"}, {"Date & Time": "2021-03-18 12:12:06 UTC", "Type": "VIDEO", "People in Chat": 2, "Result": "Call Failed", "City": "leeds", "Country": "GB", "Length (sec)": 20, "Network": "WIFI"}, {"Date & Time": "2021-03-19 09:57:36 UTC", "Type": "VIDEO", "People in Chat": 2, "Result": "Call Failed", "City": "leeds", "Country": "GB", "Length (sec)": 1, "Network": "WIFI"}, {"Date & Time": "2021-03-19 09:48:42 UTC", "Type": "VIDEO", "People in Chat": 2, "Result": "Call Failed", "City": "leeds", "Country": "GB", "Length (sec)": 1, "Network": "WIFI"}, {"Date & Time": "2021-03-19 10:09:44 UTC", "Type": "VIDEO", "People in Chat": 2, "Result": "Call Failed", "City": "leeds", "Country": "GB", "Length (sec)": 30, "Network": "WIFI"}, {"Date & Time": "2021-03-19 09:53:08 UTC", "Type": "VIDEO", "People in Chat": 2, "Result": "Call Failed", "City": "leeds", "Country": "GB", "Length (sec)": 1, "Network": "WIFI"}, {"Date & Time": "2021-03-19 09:22:46 UTC", "Type": "VIDEO", "People in Chat": 2, "Result": "Call Failed", "City": "leeds", "Country": "GB", "Length (sec)": 20, "Network": "WIFI"}, {"Date & Time": "2021-03-19 09:48:25 UTC", "Type": "VIDEO", "People in Chat": 2, "Result": "Call Failed", "City": "leeds", "Country": "GB", "Length (sec)": 2, "Network": "WIFI"}, {"Date & Time": "2021-03-19 11:51:12 UTC", "Type": "VIDEO", "People in Chat": 2, "Result": "Call Failed", "City": "leeds", "Country": "GB", "Length (sec)": 8, "Network": "WIFI"}, {"Date & Time": "2021-03-21 14:10:44 UTC", "Type": "AUDIO", "People in Chat": 2, "Result": "Call Succeeded", "City": "leeds", "Country": "GB", "Length (sec)": 7, "Network": "WIFI"}, {"Date & Time": "2021-03-21 19:37:45 UTC", "Type": "VIDEO", "People in Chat": 2, "Result": "Call Failed", "City": "hoyland", "Country": "GB", "Length (sec)": 8, "Network": "MOBILE"}, {"Date & Time": "2021-03-29 16:13:27 UTC", "Type": "VIDEO", "People in Chat": 2, "Result": "Call Succeeded", "City": "birmingham", "Country": "GB", "Length (sec)": 11, "Network": "MOBILE"}, {"Date & Time": "2021-03-29 16:36:31 UTC", "Type": "VIDEO", "People in Chat": 2, "Result": "Call Failed", "City": "birmingham", "Country": "GB", "Length (sec)": 5, "Network": "MOBILE"}, {"Date & Time": "2021-03-30 16:17:58 UTC", "Type": "AUDIO", "People in Chat": 2, "Result": "Call Failed", "City": "derby", "Country": "GB", "Length (sec)": 26, "Network": "MOBILE"}, {"Date & Time": "2021-03-30 16:22:00 UTC", "Type": "AUDIO", "People in Chat": 2, "Result": "Call Succeeded", "City": "derby", "Country": "GB", "Length (sec)": 17, "Network": "MOBILE"}, {"Date & Time": "2021-03-30 11:01:45 UTC", "Type": "AUDIO", "People in Chat": 2, "Result": "Call Failed", "City": "birmingham", "Country": "GB", "Length (sec)": 20, "Network": "MOBILE"}, {"Date & Time": "2021-03-31 16:50:34 UTC", "Type": "AUDIO", "People in Chat": 1, "Result": "Call Failed", "City": "birmingham", "Country": "GB", "Length (sec)": 20, "Network": "MOBILE"}], "Incoming Calls": [{"Date & Time": "2021-01-04 22:35:44 UTC", "Type": "VIDEO", "People in Chat": 2, "Result": "Call Succeeded", "City": "leeds", "Country": "GB", "Length (sec)": 1, "Network": "WIFI"}, {"Date & Time": "2021-01-04 19:16:33 UTC", "Type": "AUDIO", "People in Chat": 2, "Result": "Call Succeeded", "City": "leeds", "Country": "GB", "Length (sec)": 4, "Network": "WIFI"}, {"Date & Time": "2021-01-04 22:01:09 UTC", "Type": "AUDIO", "People in Chat": 2, "Result": "Call Succeeded", "City": "leeds", "Country": "GB", "Length (sec)": 7, "Network": "WIFI"}, {"Date & Time": "2021-01-04 15:21:20 UTC", "Type": "AUDIO", "People in Chat": 2, "Result": "Call Succeeded", "City": "leeds", "Country": "GB", "Length (sec)": 3, "Network": "WIFI"}, {"Date & Time": "2021-01-06 19:07:05 UTC", "Type": "VIDEO", "People in Chat": 2, "Result": "Call Succeeded", "City": "leeds", "Country": "GB", "Length (sec)": 1, "Network": "WIFI"}, {"Date & Time": "2021-01-06 19:07:01 UTC", "Type": "AUDIO", "People in Chat": 2, "Result": "Call Succeeded", "City": "leeds", "Country": "GB", "Length (sec)": 1, "Network": "WIFI"}, {"Date & Time": "2021-01-07 21:29:59 UTC", "Type": "AUDIO", "People in Chat": 2, "Result": "Call Succeeded", "City": "leeds", "Country": "GB", "Length (sec)": 26, "Network": "WIFI"}, {"Date & Time": "2021-01-07 18:58:05 UTC", "Type": "AUDIO", "People in Chat": 2, "Result": "Call Succeeded", "City": "leeds", "Country": "GB", "Length (sec)": 7, "Network": "WIFI"}, {"Date & Time": "2021-01-07 16:55:32 UTC", "Type": "AUDIO", "People in Chat": 2, "Result": "Call Succeeded", "City": "leeds", "Country": "GB", "Length (sec)": 6, "Network": "WIFI"}, {"Date & Time": "2021-01-08 16:55:26 UTC", "Type": "AUDIO", "People in Chat": 2, "Result": "Call Succeeded", "City": "leeds", "Country": "GB", "Length (sec)": 12, "Network": "WIFI"}, {"Date & Time": "2021-01-08 17:59:58 UTC", "Type": "AUDIO", "People in Chat": 2, "Result": "Call Succeeded", "City": "leeds", "Country": "GB", "Length (sec)": 8, "Network": "WIFI"}, {"Date & Time": "2021-01-10 23:35:42 UTC", "Type": "AUDIO", "People in Chat": 2, "Result": "Call Succeeded", "City": "leeds", "Country": "GB", "Length (sec)": 10, "Network": "WIFI"}, {"Date & Time": "2021-01-10 23:36:44 UTC", "Type": "AUDIO", "People in Chat": 2, "Result": "Call Succeeded", "City": "leeds", "Country": "GB", "Length (sec)": 1, "Network": "WIFI"}, {"Date & Time": "2021-01-12 15:33:23 UTC", "Type": "VIDEO", "People in Chat": 2, "Result": "Call Failed", "City": "derby", "Country": "GB", "Length (sec)": 3, "Network": "MOBILE"}, {"Date & Time": "2021-01-14 12:18:32 UTC", "Type": "VIDEO", "People in Chat": 2, "Result": "Call Succeeded", "City": "leeds", "Country": "GB", "Length (sec)": 3, "Network": "WIFI"}, {"Date & Time": "2021-01-14 16:54:14 UTC", "Type": "AUDIO", "People in Chat": 2, "Result": "Call Succeeded", "City": "leeds", "Country": "GB", "Length (sec)": 18, "Network": "WIFI"}, {"Date & Time": "2021-01-14 16:45:14 UTC", "Type": "VIDEO", "People in Chat": 2, "Result": "Call Failed", "City": "leeds", "Country": "GB", "Length (sec)": 21, "Network": "WIFI"}, {"Date & Time": "2021-01-14 16:45:47 UTC", "Type": "VIDEO", "People in Chat": 2, "Result": "Call Succeeded", "City": "leeds", "Country": "GB", "Length (sec)": 0, "Network": "WIFI"}, {"Date & Time": "2021-01-14 12:53:51 UTC", "Type": "VIDEO", "People in Chat": 2, "Result": "Call Received", "City": "leeds", "Country": "GB", "Length (sec)": 17, "Network": "WIFI"}, {"Date & Time": "2021-01-15 18:36:28 UTC", "Type": "VIDEO", "People in Chat": 2, "Result": "Call Failed", "City": "leeds", "Country": "GB", "Length (sec)": 5, "Network": "WIFI"}, {"Date & Time": "2021-01-15 18:36:38 UTC", "Type": "VIDEO", "People in Chat": 2, "Result": "Call Succeeded", "City": "leeds", "Country": "GB", "Length (sec)": 5, "Network": "WIFI"}, {"Date & Time": "2021-01-22 19:57:39 UTC", "Type": "AUDIO", "People in Chat": 2, "Result": "Call Received", "City": "golcar", "Country": "GB", "Length (sec)": 0, "Network": "WIFI"}, {"Date & Time": "2021-01-22 19:58:55 UTC", "Type": "AUDIO", "People in Chat": 2, "Result": "Call Succeeded", "City": "golcar", "Country": "GB", "Length (sec)": 0, "Network": "WIFI"}, {"Date & Time": "2021-01-25 19:42:45 UTC", "Type": "VIDEO", "People in Chat": 2, "Result": "Call Succeeded", "City": "leeds", "Country": "GB", "Length (sec)": 1, "Network": "WIFI"}, {"Date & Time": "2021-01-27 15:07:28 UTC", "Type": "VIDEO", "People in Chat": 2, "Result": "Call Failed", "City": "leeds", "Country": "GB", "Length (sec)": 1, "Network": "WIFI"}, {"Date & Time": "2021-01-27 15:07:25 UTC", "Type": "AUDIO", "People in Chat": 0, "Result": "Call Received", "City": "leeds", "Country": "GB", "Length (sec)": 0, "Network": "WIFI"}, {"Date & Time": "2021-01-27 15:07:36 UTC", "Type": "VIDEO", "People in Chat": 2, "Result": "Call Succeeded", "City": "leeds", "Country": "GB", "Length (sec)": 1, "Network": "WIFI"}, {"Date & Time": "2021-01-27 15:41:14 UTC", "Type": "VIDEO", "People in Chat": 2, "Result": "Call Succeeded", "City": "leeds", "Country": "GB", "Length (sec)": 1, "Network": "WIFI"}, {"Date & Time": "2021-01-30 20:58:00 UTC", "Type": "AUDIO", "People in Chat": 2, "Result": "Call Succeeded", "City": "leeds", "Country": "GB", "Length (sec)": 6, "Network": "WIFI"}, {"Date & Time": "2021-01-30 20:57:36 UTC", "Type": "AUDIO", "People in Chat": 2, "Result": "Call Failed", "City": "leeds", "Country": "GB", "Length (sec)": 21, "Network": "WIFI"}, {"Date & Time": "2021-02-01 13:11:12 UTC", "Type": "VIDEO", "People in Chat": 2, "Result": "Call Succeeded", "City": "leeds", "Country": "GB", "Length (sec)": 19, "Network": "WIFI"}, {"Date & Time": "2021-02-01 13:14:34 UTC", "Type": "VIDEO", "People in Chat": 2, "Result": "Call Failed", "City": "leeds", "Country": "GB", "Length (sec)": 2, "Network": "WIFI"}, {"Date & Time": "2021-02-03 19:18:42 UTC", "Type": "AUDIO", "People in Chat": 2, "Result": "Call Received", "City": "leeds", "Country": "GB", "Length (sec)": 29, "Network": "WIFI"}, {"Date & Time": "2021-02-03 19:19:13 UTC", "Type": "AUDIO", "People in Chat": 2, "Result": "Call Failed", "City": "leeds", "Country": "GB", "Length (sec)": 3, "Network": "WIFI"}, {"Date & Time": "2021-02-03 13:33:26 UTC", "Type": "AUDIO", "People in Chat": 2, "Result": "Call Failed", "City": "leeds", "Country": "GB", "Length (sec)": 5, "Network": "WIFI"}, {"Date & Time": "2021-02-08 22:35:35 UTC", "Type": "AUDIO", "People in Chat": 0, "Result": "Call Received", "City": "leeds", "Country": "GB", "Length (sec)": 0, "Network": "WIFI"}, {"Date & Time": "2021-02-11 19:13:42 UTC", "Type": "AUDIO", "People in Chat": 2, "Result": "Call Succeeded", "City": "leeds", "Country": "GB", "Length (sec)": 6, "Network": "WIFI"}, {"Date & Time": "2021-02-13 14:53:09 UTC", "Type": "AUDIO", "People in Chat": 2, "Result": "Call Failed", "City": "leeds", "Country": "GB", "Length (sec)": 3, "Network": "WIFI"}, {"Date & Time": "2021-02-13 14:20:29 UTC", "Type": "VIDEO", "People in Chat": 2, "Result": "Call Failed", "City": "leeds", "Country": "GB", "Length (sec)": 7, "Network": "WIFI"}, {"Date & Time": "2021-02-13 14:08:30 UTC", "Type": "VIDEO", "People in Chat": 2, "Result": "Call Failed", "City": "leeds", "Country": "GB", "Length (sec)": 4, "Network": "WIFI"}, {"Date & Time": "2021-02-16 21:47:25 UTC", "Type": "AUDIO", "People in Chat": 0, "Result": "Call Received", "City": "leeds", "Country": "GB", "Length (sec)": 0, "Network": "WIFI"}, {"Date & Time": "2021-02-21 12:05:09 UTC", "Type": "AUDIO", "People in Chat": 2, "Result": "Call Succeeded", "City": "leeds", "Country": "GB", "Length (sec)": 10, "Network": "WIFI"}, {"Date & Time": "2021-02-26 19:59:15 UTC", "Type": "AUDIO", "People in Chat": 2, "Result": "Call Succeeded", "City": "leeds", "Country": "GB", "Length (sec)": 2, "Network": "WIFI"}, {"Date & Time": "2021-03-02 16:07:49 UTC", "Type": "VIDEO", "People in Chat": 2, "Result": "Call Succeeded", "City": "leeds", "Country": "GB", "Length (sec)": 23, "Network": "WIFI"}, {"Date & Time": "2021-03-02 18:38:17 UTC", "Type": "AUDIO", "People in Chat": 2, "Result": "Call Succeeded", "City": "leeds", "Country": "GB", "Length (sec)": 7, "Network": "WIFI"}, {"Date & Time": "2021-03-04 16:35:32 UTC", "Type": "AUDIO", "People in Chat": 2, "Result": "Call Failed", "City": "hoyland", "Country": "GB", "Length (sec)": 7, "Network": "MOBILE"}, {"Date & Time": "2021-03-05 19:49:52 UTC", "Type": "AUDIO", "People in Chat": 2, "Result": "Call Succeeded", "City": "leeds", "Country": "GB", "Length (sec)": 2, "Network": "WIFI"}, {"Date & Time": "2021-03-07 19:08:23 UTC", "Type": "VIDEO", "People in Chat": 2, "Result": "Call Received", "City": "leeds", "Country": "GB", "Length (sec)": 1, "Network": "WIFI"}, {"Date & Time": "2021-03-14 02:55:37 UTC", "Type": "AUDIO", "People in Chat": 2, "Result": "Call Succeeded", "City": "leeds", "Country": "GB", "Length (sec)": 29, "Network": "WIFI"}, {"Date & Time": "2021-03-14 01:32:05 UTC", "Type": "AUDIO", "People in Chat": 2, "Result": "Call Succeeded", "City": "leeds", "Country": "GB", "Length (sec)": 6, "Network": "WIFI"}, {"Date & Time": "2021-03-16 22:33:04 UTC", "Type": "AUDIO", "People in Chat": 2, "Result": "Call Received", "City": "leeds", "Country": "GB", "Length (sec)": 1, "Network": "WIFI"}, {"Date & Time": "2021-03-16 21:01:20 UTC", "Type": "AUDIO", "People in Chat": 2, "Result": "Call Succeeded", "City": "bradford", "Country": "GB", "Length (sec)": 3, "Network": "WIFI"}, {"Date & Time": "2021-03-17 23:07:17 UTC", "Type": "VIDEO", "People in Chat": 2, "Result": "Call Succeeded", "City": "leeds", "Country": "GB", "Length (sec)": 3, "Network": "WIFI"}, {"Date & Time": "2021-03-18 19:32:25 UTC", "Type": "AUDIO", "People in Chat": 2, "Result": "Call Succeeded", "City": "hoyland", "Country": "GB", "Length (sec)": 9, "Network": "MOBILE"}, {"Date & Time": "2021-03-18 21:23:01 UTC", "Type": "AUDIO", "People in Chat": 2, "Result": "Call Succeeded", "City": "hoyland", "Country": "GB", "Length (sec)": 14, "Network": "MOBILE"}, {"Date & Time": "2021-03-19 09:53:55 UTC", "Type": "VIDEO", "People in Chat": 2, "Result": "Call Succeeded", "City": "leeds", "Country": "GB", "Length (sec)": 1, "Network": "WIFI"}, {"Date & Time": "2021-03-19 09:53:50 UTC", "Type": "AUDIO", "People in Chat": 2, "Result": "Call Failed", "City": "leeds", "Country": "GB", "Length (sec)": 1, "Network": "WIFI"}, {"Date & Time": "2021-03-19 09:52:33 UTC", "Type": "AUDIO", "People in Chat": 2, "Result": "Call Received", "City": "leeds", "Country": "GB", "Length (sec)": 0, "Network": "WIFI"}, {"Date & Time": "2021-03-19 10:09:01 UTC", "Type": "AUDIO", "People in Chat": 2, "Result": "Call Received", "City": "leeds", "Country": "GB", "Length (sec)": 1, "Network": "WIFI"}, {"Date & Time": "2021-03-19 10:09:52 UTC", "Type": "VIDEO", "People in Chat": 2, "Result": "Call Succeeded", "City": "leeds", "Country": "GB", "Length (sec)": 1, "Network": "WIFI"}, {"Date & Time": "2021-03-19 11:50:59 UTC", "Type": "AUDIO", "People in Chat": 2, "Result": "Call Succeeded", "City": "leeds", "Country": "GB", "Length (sec)": 5, "Network": "WIFI"}, {"Date & Time": "2021-03-21 00:19:49 UTC", "Type": "VIDEO", "People in Chat": 2, "Result": "Call Succeeded", "City": "leeds", "Country": "GB", "Length (sec)": 5, "Network": "WIFI"}, {"Date & Time": "2021-03-21 19:38:19 UTC", "Type": "AUDIO", "People in Chat": 2, "Result": "Call Succeeded", "City": "hoyland", "Country": "GB", "Length (sec)": 3, "Network": "MOBILE"}, {"Date & Time": "2021-03-29 17:32:52 UTC", "Type": "AUDIO", "People in Chat": 2, "Result": "Call Succeeded", "City": "birmingham", "Country": "GB", "Length (sec)": 6, "Network": "MOBILE"}, {"Date & Time": "2021-03-29 18:28:26 UTC", "Type": "VIDEO", "People in Chat": 2, "Result": "Call Received", "City": "hoyland", "Country": "GB", "Length (sec)": 2, "Network": "MOBILE"}, {"Date & Time": "2021-03-29 16:36:14 UTC", "Type": "AUDIO", "People in Chat": 2, "Result": "Call Failed", "City": "birmingham", "Country": "GB", "Length (sec)": 4, "Network": "MOBILE"}], "Completed Calls": [{"Date & Time": "2021-01-04 21:57:01 UTC", "Type": "VIDEO", "People in Chat": 2, "City": "leeds", "Country": "GB", "Length (sec)": 267, "Network": "WIFI"}, {"Date & Time": "2021-01-04 15:27:55 UTC", "Type": "AUDIO", "People in Chat": 2, "City": "leeds", "Country": "GB", "Length (sec)": 395, "Network": "WIFI"}, {"Date & Time": "2021-01-07 13:39:10 UTC", "Type": "VIDEO", "People in Chat": 2, "City": "leeds", "Country": "GB", "Length (sec)": 80, "Network": "WIFI"}, {"Date & Time": "2021-01-07 21:58:25 UTC", "Type": "AUDIO", "People in Chat": 2, "City": "leeds", "Country": "GB", "Length (sec)": 61, "Network": "WIFI"}, {"Date & Time": "2021-01-07 22:20:02 UTC", "Type": "VIDEO", "People in Chat": 2, "City": "leeds", "Country": "GB", "Length (sec)": 109, "Network": "WIFI"}, {"Date & Time": "2021-01-07 17:16:50 UTC", "Type": "AUDIO", "People in Chat": 2, "City": "leeds", "Country": "GB", "Length (sec)": 64, "Network": "WIFI"}, {"Date & Time": "2021-01-25 19:42:33 UTC", "Type": "VIDEO", "People in Chat": 2, "City": "leeds", "Country": "GB", "Length (sec)": 0, "Network": "WIFI"}, {"Date & Time": "2021-01-25 19:45:27 UTC", "Type": "VIDEO", "People in Chat": 2, "City": "leeds", "Country": "GB", "Length (sec)": 161, "Network": "WIFI"}, {"Date & Time": "2021-01-25 19:50:09 UTC", "Type": "VIDEO", "People in Chat": 2, "City": "leeds", "Country": "GB", "Length (sec)": 256, "Network": "WIFI"}, {"Date & Time": "2021-01-31 18:53:52 UTC", "Type": "VIDEO", "People in Chat": 2, "City": "leeds", "Country": "GB", "Length (sec)": 307, "Network": "WIFI"}, {"Date & Time": "2021-02-07 21:18:01 UTC", "Type": "VIDEO", "People in Chat": 2, "City": "leeds", "Country": "GB", "Length (sec)": 186, "Network": "WIFI"}, {"Date & Time": "2021-02-08 15:50:02 UTC", "Type": "VIDEO", "People in Chat": 2, "City": "leeds", "Country": "GB", "Length (sec)": 81, "Network": "WIFI"}, {"Date & Time": "2021-02-13 16:33:48 UTC", "Type": "VIDEO", "People in Chat": 2, "City": "leeds", "Country": "GB", "Length (sec)": 120, "Network": "WIFI"}, {"Date & Time": "2021-02-18 19:05:58 UTC", "Type": "VIDEO", "People in Chat": 2, "City": "leeds", "Country": "GB", "Length (sec)": 90, "Network": "WIFI"}, {"Date & Time": "2021-02-20 16:35:53 UTC", "Type": "VIDEO", "People in Chat": 2, "City": "derby", "Country": "GB", "Length (sec)": 62, "Network": "MOBILE"}, {"Date & Time": "2021-03-02 16:11:02 UTC", "Type": "VIDEO", "People in Chat": 2, "City": "leeds", "Country": "GB", "Length (sec)": 192, "Network": "WIFI"}, {"Date & Time": "2021-03-21 00:21:53 UTC", "Type": "VIDEO", "People in Chat": 2, "City": "leeds", "Country": "GB", "Length (sec)": 123, "Network": "WIFI"}, {"Date & Time": "2021-03-29 18:34:03 UTC", "Type": "VIDEO", "People in Chat": 2, "City": "hoyland", "Country": "GB", "Length (sec)": 109, "Network": "MOBILE"}, {"Date & Time": "2021-03-29 16:20:41 UTC", "Type": "VIDEO", "People in Chat": 2, "City": "birmingham", "Country": "GB", "Length (sec)": 433, "Network": "MOBILE"}, {"Date & Time": "2021-03-29 17:34:13 UTC", "Type": "VIDEO", "People in Chat": 2, "City": "hoyland", "Country": "GB", "Length (sec)": 70, "Network": "MOBILE"}, {"Date & Time": "2021-03-29 18:32:06 UTC", "Type": "VIDEO", "People in Chat": 2, "City": "hoyland", "Country": "GB", "Length (sec)": 112, "Network": "MOBILE"}, {"Date & Time": "2021-04-01 19:49:35 UTC", "Type": "AUDIO", "People in Chat": 2, "City": "hoyland", "Country": "GB", "Length (sec)": 23, "Network": "MOBILE"}, {"Date & Time": "2021-04-02 18:09:20 UTC", "Type": "AUDIO", "People in Chat": 2, "City": "derby", "Country": "GB", "Length (sec)": 80, "Network": "MOBILE"}, {"Date & Time": "2021-04-03 11:13:10 UTC", "Type": "VIDEO", "People in Chat": 2, "City": "hoyland", "Country": "GB", "Length (sec)": 224, "Network": "MOBILE"}, {"Date & Time": "2021-04-03 16:13:17 UTC", "Type": "VIDEO", "People in Chat": 2, "City": "birmingham", "Country": "GB", "Length (sec)": 111, "Network": "MOBILE"}, {"Date & Time": "2021-01-04 22:36:36 UTC", "Type": "VIDEO", "People in Chat": 2, "City": "leeds", "Country": "GB", "Length (sec)": 52, "Network": "WIFI"}, {"Date & Time": "2021-01-04 22:11:14 UTC", "Type": "AUDIO", "People in Chat": 2, "City": "leeds", "Country": "GB", "Length (sec)": 605, "Network": "WIFI"}, {"Date & Time": "2021-01-04 16:24:24 UTC", "Type": "VIDEO", "People in Chat": 2, "City": "leeds", "Country": "GB", "Length (sec)": 42, "Network": "WIFI"}, {"Date & Time": "2021-01-04 19:16:50 UTC", "Type": "AUDIO", "People in Chat": 2, "City": "leeds", "Country": "GB", "Length (sec)": 17, "Network": "WIFI"}, {"Date & Time": "2021-01-06 19:07:01 UTC", "Type": "AUDIO", "People in Chat": 2, "City": "leeds", "Country": "GB", "Length (sec)": 0, "Network": "WIFI"}, {"Date & Time": "2021-01-06 19:29:09 UTC", "Type": "VIDEO", "People in Chat": 2, "City": "leeds", "Country": "GB", "Length (sec)": 1323, "Network": "WIFI"}, {"Date & Time": "2021-01-07 21:38:02 UTC", "Type": "AUDIO", "People in Chat": 2, "City": "leeds", "Country": "GB", "Length (sec)": 51, "Network": "WIFI"}, {"Date & Time": "2021-01-07 22:07:35 UTC", "Type": "AUDIO", "People in Chat": 2, "City": "leeds", "Country": "GB", "Length (sec)": 37, "Network": "WIFI"}, {"Date & Time": "2021-01-07 22:31:25 UTC", "Type": "AUDIO", "People in Chat": 2, "City": "leeds", "Country": "GB", "Length (sec)": 43, "Network": "WIFI"}, {"Date & Time": "2021-01-07 19:03:53 UTC", "Type": "AUDIO", "People in Chat": 2, "City": "leeds", "Country": "GB", "Length (sec)": 347, "Network": "WIFI"}, {"Date & Time": "2021-01-07 16:56:58 UTC", "Type": "AUDIO", "People in Chat": 2, "City": "leeds", "Country": "GB", "Length (sec)": 85, "Network": "WIFI"}, {"Date & Time": "2021-01-08 12:07:05 UTC", "Type": "VIDEO", "People in Chat": 2, "City": "leeds", "Country": "GB", "Length (sec)": 403, "Network": "WIFI"}, {"Date & Time": "2021-01-08 13:43:45 UTC", "Type": "VIDEO", "People in Chat": 2, "City": "leeds", "Country": "GB", "Length (sec)": 58, "Network": "WIFI"}, {"Date & Time": "2021-01-08 13:13:15 UTC", "Type": "VIDEO", "People in Chat": 2, "City": "leeds", "Country": "GB", "Length (sec)": 60, "Network": "WIFI"}, {"Date & Time": "2021-01-08 18:00:32 UTC", "Type": "AUDIO", "People in Chat": 2, "City": "leeds", "Country": "GB", "Length (sec)": 33, "Network": "WIFI"}, {"Date & Time": "2021-01-08 16:55:42 UTC", "Type": "AUDIO", "People in Chat": 2, "City": "leeds", "Country": "GB", "Length (sec)": 15, "Network": "WIFI"}, {"Date & Time": "2021-01-10 23:37:00 UTC", "Type": "AUDIO", "People in Chat": 2, "City": "leeds", "Country": "GB", "Length (sec)": 15, "Network": "WIFI"}, {"Date & Time": "2021-01-10 23:36:38 UTC", "Type": "AUDIO", "People in Chat": 2, "City": "leeds", "Country": "GB", "Length (sec)": 56, "Network": "WIFI"}, {"Date & Time": "2021-01-12 23:00:35 UTC", "Type": "VIDEO", "People in Chat": 2, "City": "leeds", "Country": "GB", "Length (sec)": 123, "Network": "WIFI"}, {"Date & Time": "2021-01-14 12:58:58 UTC", "Type": "VIDEO", "People in Chat": 2, "City": "leeds", "Country": "GB", "Length (sec)": 59, "Network": "WIFI"}, {"Date & Time": "2021-01-14 12:19:40 UTC", "Type": "VIDEO", "People in Chat": 2, "City": "leeds", "Country": "GB", "Length (sec)": 67, "Network": "WIFI"}, {"Date & Time": "2021-01-15 18:38:51 UTC", "Type": "VIDEO", "People in Chat": 2, "City": "leeds", "Country": "GB", "Length (sec)": 132, "Network": "WIFI"}, {"Date & Time": "2021-01-23 15:12:32 UTC", "Type": "VIDEO", "People in Chat": 2, "City": "leeds", "Country": "GB", "Length (sec)": 44, "Network": "WIFI"}, {"Date & Time": "2021-01-27 18:56:32 UTC", "Type": "AUDIO", "People in Chat": 2, "City": "leeds", "Country": "GB", "Length (sec)": 94, "Network": "WIFI"}, {"Date & Time": "2021-01-27 15:41:16 UTC", "Type": "VIDEO", "People in Chat": 2, "City": "leeds", "Country": "GB", "Length (sec)": 1, "Network": "WIFI"}, {"Date & Time": "2021-01-27 15:10:29 UTC", "Type": "VIDEO", "People in Chat": 2, "City": "leeds", "Country": "GB", "Length (sec)": 173, "Network": "WIFI"}, {"Date & Time": "2021-01-29 18:50:32 UTC", "Type": "VIDEO", "People in Chat": 2, "City": "leeds", "Country": "GB", "Length (sec)": 98, "Network": "WIFI"}, {"Date & Time": "2021-01-29 20:26:56 UTC", "Type": "VIDEO", "People in Chat": 2, "City": "leeds", "Country": "GB", "Length (sec)": 163, "Network": "WIFI"}, {"Date & Time": "2021-01-30 21:05:22 UTC", "Type": "VIDEO", "People in Chat": 2, "City": "leeds", "Country": "GB", "Length (sec)": 171, "Network": "WIFI"}, {"Date & Time": "2021-02-01 13:59:35 UTC", "Type": "AUDIO", "People in Chat": 2, "City": "leeds", "Country": "GB", "Length (sec)": 0, "Network": "WIFI"}, {"Date & Time": "2021-02-03 19:23:47 UTC", "Type": "AUDIO", "People in Chat": 2, "City": "leeds", "Country": "GB", "Length (sec)": 248, "Network": "WIFI"}, {"Date & Time": "2021-02-05 18:09:32 UTC", "Type": "VIDEO", "People in Chat": 2, "City": "leeds", "Country": "GB", "Length (sec)": 101, "Network": "WIFI"}, {"Date & Time": "2021-02-10 22:37:02 UTC", "Type": "AUDIO", "People in Chat": 2, "City": "leeds", "Country": "GB", "Length (sec)": 39, "Network": "WIFI"}, {"Date & Time": "2021-02-11 19:17:37 UTC", "Type": "AUDIO", "People in Chat": 2, "City": "leeds", "Country": "GB", "Length (sec)": 234, "Network": "WIFI"}, {"Date & Time": "2021-02-13 16:31:42 UTC", "Type": "VIDEO", "People in Chat": 2, "City": "leeds", "Country": "GB", "Length (sec)": 195, "Network": "WIFI"}, {"Date & Time": "2021-02-13 14:52:32 UTC", "Type": "VIDEO", "People in Chat": 2, "City": "leeds", "Country": "GB", "Length (sec)": 403, "Network": "WIFI"}, {"Date & Time": "2021-02-14 20:15:49 UTC", "Type": "VIDEO", "People in Chat": 2, "City": "leeds", "Country": "GB", "Length (sec)": 177, "Network": "WIFI"}, {"Date & Time": "2021-02-15 13:50:09 UTC", "Type": "VIDEO", "People in Chat": 2, "City": "leeds", "Country": "GB", "Length (sec)": 122, "Network": "WIFI"}, {"Date & Time": "2021-02-15 21:36:09 UTC", "Type": "AUDIO", "People in Chat": 2, "City": "leeds", "Country": "GB", "Length (sec)": 27, "Network": "WIFI"}, {"Date & Time": "2021-02-15 13:53:25 UTC", "Type": "VIDEO", "People in Chat": 2, "City": "leeds", "Country": "GB", "Length (sec)": 190, "Network": "WIFI"}, {"Date & Time": "2021-02-15 13:47:34 UTC", "Type": "AUDIO", "People in Chat": 2, "City": "leeds", "Country": "GB", "Length (sec)": 55, "Network": "WIFI"}, {"Date & Time": "2021-02-16 16:26:15 UTC", "Type": "VIDEO", "People in Chat": 2, "City": "leeds", "Country": "GB", "Length (sec)": 88, "Network": "WIFI"}, {"Date & Time": "2021-02-16 16:24:19 UTC", "Type": "VIDEO", "People in Chat": 2, "City": "leeds", "Country": "GB", "Length (sec)": 157, "Network": "WIFI"}, {"Date & Time": "2021-02-17 15:03:17 UTC", "Type": "VIDEO", "People in Chat": 2, "City": "derby", "Country": "GB", "Length (sec)": 21, "Network": "MOBILE"}, {"Date & Time": "2021-02-17 17:55:10 UTC", "Type": "AUDIO", "People in Chat": 2, "City": "derby", "Country": "GB", "Length (sec)": 18, "Network": "MOBILE"}, {"Date & Time": "2021-02-21 12:06:19 UTC", "Type": "AUDIO", "People in Chat": 2, "City": "leeds", "Country": "GB", "Length (sec)": 70, "Network": "WIFI"}, {"Date & Time": "2021-02-26 20:11:08 UTC", "Type": "AUDIO", "People in Chat": 2, "City": "leeds", "Country": "GB", "Length (sec)": 713, "Network": "WIFI"}, {"Date & Time": "2021-03-02 18:40:18 UTC", "Type": "AUDIO", "People in Chat": 2, "City": "leeds", "Country": "GB", "Length (sec)": 120, "Network": "WIFI"}, {"Date & Time": "2021-03-05 19:51:27 UTC", "Type": "AUDIO", "People in Chat": 2, "City": "leeds", "Country": "GB", "Length (sec)": 94, "Network": "WIFI"}, {"Date & Time": "2021-03-07 19:08:20 UTC", "Type": "VIDEO", "People in Chat": 2, "City": "leeds", "Country": "GB", "Length (sec)": 103, "Network": "WIFI"}, {"Date & Time": "2021-03-14 01:32:52 UTC", "Type": "AUDIO", "People in Chat": 2, "City": "leeds", "Country": "GB", "Length (sec)": 46, "Network": "WIFI"}, {"Date & Time": "2021-03-14 02:59:41 UTC", "Type": "AUDIO", "People in Chat": 2, "City": "leeds", "Country": "GB", "Length (sec)": 83, "Network": "WIFI"}, {"Date & Time": "2021-03-14 01:30:50 UTC", "Type": "AUDIO", "People in Chat": 2, "City": "leeds", "Country": "GB", "Length (sec)": 41, "Network": "WIFI"}, {"Date & Time": "2021-03-16 23:41:37 UTC", "Type": "AUDIO", "People in Chat": 2, "City": "leeds", "Country": "GB", "Length (sec)": 10, "Network": "WIFI"}, {"Date & Time": "2021-03-16 22:37:03 UTC", "Type": "VIDEO", "People in Chat": 2, "City": "leeds", "Country": "GB", "Length (sec)": 227, "Network": "WIFI"}, {"Date & Time": "2021-03-16 23:40:53 UTC", "Type": "AUDIO", "People in Chat": 2, "City": "leeds", "Country": "GB", "Length (sec)": 26, "Network": "WIFI"}, {"Date & Time": "2021-03-16 23:36:46 UTC", "Type": "AUDIO", "People in Chat": 2, "City": "leeds", "Country": "GB", "Length (sec)": 23, "Network": "WIFI"}, {"Date & Time": "2021-03-16 21:01:59 UTC", "Type": "AUDIO", "People in Chat": 2, "City": "bradford", "Country": "GB", "Length (sec)": 39, "Network": "WIFI"}, {"Date & Time": "2021-03-16 23:44:38 UTC", "Type": "AUDIO", "People in Chat": 2, "City": "leeds", "Country": "GB", "Length (sec)": 17, "Network": "WIFI"}, {"Date & Time": "2021-03-17 23:10:10 UTC", "Type": "VIDEO", "People in Chat": 2, "City": "leeds", "Country": "GB", "Length (sec)": 6, "Network": "WIFI"}, {"Date & Time": "2021-03-17 23:09:54 UTC", "Type": "VIDEO", "People in Chat": 2, "City": "leeds", "Country": "GB", "Length (sec)": 11, "Network": "WIFI"}, {"Date & Time": "2021-03-17 23:09:41 UTC", "Type": "VIDEO", "People in Chat": 2, "City": "leeds", "Country": "GB", "Length (sec)": 60, "Network": "WIFI"}, {"Date & Time": "2021-03-17 23:08:31 UTC", "Type": "VIDEO", "People in Chat": 2, "City": "leeds", "Country": "GB", "Length (sec)": 73, "Network": "WIFI"}, {"Date & Time": "2021-03-18 19:32:40 UTC", "Type": "AUDIO", "People in Chat": 2, "City": "hoyland", "Country": "GB", "Length (sec)": 14, "Network": "MOBILE"}, {"Date & Time": "2021-03-19 10:10:21 UTC", "Type": "VIDEO", "People in Chat": 2, "City": "leeds", "Country": "GB", "Length (sec)": 29, "Network": "WIFI"}, {"Date & Time": "2021-03-19 09:54:02 UTC", "Type": "VIDEO", "People in Chat": 2, "City": "leeds", "Country": "GB", "Length (sec)": 6, "Network": "WIFI"}, {"Date & Time": "2021-03-19 11:51:01 UTC", "Type": "AUDIO", "People in Chat": 2, "City": "leeds", "Country": "GB", "Length (sec)": 2, "Network": "WIFI"}, {"Date & Time": "2021-03-21 19:44:34 UTC", "Type": "AUDIO", "People in Chat": 2, "City": "hoyland", "Country": "GB", "Length (sec)": 364, "Network": "MOBILE"}, {"Date & Time": "2021-03-21 14:12:19 UTC", "Type": "AUDIO", "People in Chat": 2, "City": "leeds", "Country": "GB", "Length (sec)": 94, "Network": "WIFI"}, {"Date & Time": "2021-03-30 16:24:29 UTC", "Type": "AUDIO", "People in Chat": 2, "City": "derby", "Country": "GB", "Length (sec)": 148, "Network": "MOBILE"}], "Chat Sessions": [{"Date & Time": "2021-03-07 01:40:56 UTC", "People in Chat": 0, "People available": 1, "City": "leeds", "Country": "GB", "Length (sec)": 3, "Network": "WIFI"}, {"Date & Time": "2021-03-07 01:41:00 UTC", "People in Chat": 0, "People available": 1, "City": "leeds", "Country": "GB", "Length (sec)": 2, "Network": "WIFI"}, {"Date & Time": "2021-03-31 00:43:38 UTC", "People in Chat": 0, "People available": 1, "City": "birmingham", "Country": "GB", "Length (sec)": 17, "Network": "MOBILE"}, {"Date & Time": "2021-03-31 00:14:22 UTC", "People in Chat": 0, "People available": 1, "City": "derby", "Country": "GB", "Length (sec)": 1, "Network": "MOBILE"}, {"Date & Time": "2021-03-31 00:14:47 UTC", "People in Chat": 0, "People available": 1, "City": "derby", "Country": "GB", "Length (sec)": 2, "Network": "MOBILE"}, {"Date & Time": "2021-03-31 00:14:26 UTC", "People in Chat": 0, "People available": 1, "City": "derby", "Country": "GB", "Length (sec)": 2, "Network": "MOBILE"}], "Game Sessions": []}