{"App Profile": {"Country": "GB", "Creation Time": "2021-01-01 15:52:58 UTC", "Account Creation Country": "GB", "Platform Version": "ANDROID", "In-app Language": "en_GB"}, "Demographics": {"Cohort Age": "AGE_35_PLUS", "Derived Ad Demographic": "FEMALE"}, "Subscriptions": [], "Engagement": [{"Event": "Geolens Swipes", "Occurrences": 24}, {"Event": "Discover Ad Views", "Occurrences": 4}, {"Event": "Direct Snaps Created", "Occurrences": 139}, {"Event": "Chats Sent", "Occurrences": 232}, {"Event": "Discover Snap Views", "Occurrences": 53}, {"Event": "Snap Sends", "Occurrences": 22}, {"Event": "Snaps Posted to Story", "Occurrences": 15}, {"Event": "Discover Editions Viewed", "Occurrences": 13}, {"Event": "Story Ads Viewed", "Occurrences": 661}, {"Event": "Application Opens", "Occurrences": 722}, {"Event": "Geofilter Snaps Posted to Story", "Occurrences": 3}, {"Event": "Story Views", "Occurrences": 18}, {"Event": "Snaps Viewed in a Story", "Occurrences": 2881}, {"Event": "Geofilter Story Snaps Viewed", "Occurrences": 609}, {"Event": "Chats Viewed", "Occurrences": 304}, {"Event": "Direct Snaps Viewed", "Occurrences": 28}, {"Event": "Snap Views", "Occurrences": 59}, {"Event": "Geofilter Swipes", "Occurrences": 32}], "Discover Channels Viewed": [{"Channel Name": "Beauty Wow"}, {"Channel Name": "Bitmoji"}, {"Channel Name": "Hello"}, {"Channel Name": "Phony Texts"}, {"Channel Name": "The Telegraph"}], "Breakdown of Time Spent on App": ["Camera: 31.18%", "Discover: 10.27%", "Map: 0.08%", "Memories: 6.15%", "Messaging: 18.11%", "Others: 32.71%", "Profile: 1.50%"], "Ads You Interacted With": [{"Advertiser Name": "ContextLogic, Inc.", "Date": "2021-03-16"}, {"Advertiser Name": "Finderly GmbH d/b/a Shpock", "Date": "2021-03-16"}], "Interest Categories": ["Teen & Young Adult Genre Fans", "Women's Fashion Shoppers", "Action & Thriller Genre Fans", "Family Genre Fans", "Math & Science Enthusiasts", "Pet & Animal Lovers", "Energy Drink Consumers", "Candy & Sweets Lovers", "Vegans & Organic Foodies", "News Watchers", "Jewelry & Watch Shoppers", "Arts & Culture Mavens", "Beachgoers & Surfers", "Luxury Shoppers", "Meme Watchers", "Cosmetics Shoppers", "Puzzle Gamers", "Comedy Fans", "Pop Music Fans", "Indie & Foreign Film Fans", "Beer Drinkers", "Gamers", "Frequent Domestic Travelers", "Money Minders", "Green Living Enthusiasts", "Crime & Mystery Genre Fans", "Advocates & Activists", "Film & TV Fans", "Casual & Mobile Gamers", "Social Drinkers", "Sports Fans", "Oral Care Shoppers", "Beauty Mavens", "Parents & Family-Focused", "Trivia Gamers", "Water Sport Enthusiasts", "Celebrity News Watchers", "Foodies", "Comics & Animation Fans", "Chat Fiction Enthusiasts", "Soft Drink Consumers", "Liquor & Spirits Drinkers", "Horror Genre Fans", "Wine Enthusiasts", "Fun Trivia & Quiz Fanatics", "Sneakerheads", "Bookworms & Avid Readers"], "Geographic Information": [], "Interactions": {"Web Interactions": ["fairy-roses.com", "fordeal.com", "partypoker.com", "auvodka.co.uk", "fashionbeans.com", "snapchat.com", "ubereats.com", "boohoo.com", "drippy.amsterdam", "three.co.uk", "moonpig.com", "pandora.net", "isawitfirst.com", "saramart.com", "shopwithmyrep.co.uk", "bt.com", "hm.com", "thebodyshop.com", "ee.co.uk", "unibet.co.uk", "autotrader.co.uk", "petsathome.com", "scope.org.uk", "huggiesdirect.co.uk", "jdsports.co.uk", "notredamecoll.ac.uk", "visitsaudi.com", "specsavers.co.uk", "service.gov.uk", "williamhill.com", "huggies.com.au", "argos.co.uk"], "App Interactions": ["https://play.google.com/store/apps/details?id=com.king.candycrushsaga", "https://play.google.com/store/apps/details?id=com.shpock.android", "https://play.google.com/store/apps/details?id=com.dts.freefireth", "https://play.google.com/store/apps/details?id=com.pieyel.scrabble", "https://play.google.com/store/apps/details?id=com.ubercab", "https://play.google.com/store/apps/details?id=ru.galya.drawjoust", "https://play.google.com/store/apps/details?id=com.yorfstudio.sea", "https://play.google.com/store/apps/details?id=com.fungames.sniper3d", "https://play.google.com/store/apps/details?id=com.playtika.wsop.gp", "https://play.google.com/store/apps/details?id=com.spotify.music", "https://play.google.com/store/apps/details?id=com.hypercarrot.giantrush", "https://play.google.com/store/apps/details?id=in.playsimple.wordtrip", "https://play.google.com/store/apps/details?id=com.pixelbox.roofrails", "https://play.google.com/store/apps/details?id=com.kiloo.subwaysurf", "https://play.google.com/store/apps/details?id=com.playstrom.dop2", "https://play.google.com/store/apps/details?id=games.nerf.epic.pranks.free", "https://play.google.com/store/apps/details?id=com.hit.master", "https://play.google.com/store/apps/details?id=com.parkourrace.game", "https://play.google.com/store/apps/details?id=com.king.candycrushsodasaga", "https://play.google.com/store/apps/details?id=com.moonactive.coinmaster", "https://play.google.com/store/apps/details?id=com.freeplay.runandfight", "https://play.google.com/store/apps/details?id=com.planetart.fpuk", "https://play.google.com/store/apps/details?id=com.playgendary.hitmasters", "https://play.google.com/store/apps/details?id=com.saramart.android", "https://play.google.com/store/apps/details?id=com.contextlogic.wish", "https://play.google.com/store/apps/details?id=com.crazylabs.sausage.run", "https://play.google.com/store/apps/details?id=com.gamepie.airpolice", "https://play.google.com/store/apps/details?id=mobi.gameguru.slapkings", "https://play.google.com/store/apps/details?id=com.snapchat.android", "https://play.google.com/store/apps/details?id=com.tgame.girlgenius", "https://play.google.com/store/apps/details?id=com.romank.drawmasters", "https://play.google.com/store/apps/details?id=com.tranzmate", "https://play.google.com/store/apps/details?id=com.alphapotato.prankster", "https://play.google.com/store/apps/details?id=com.nextdoor", "https://play.google.com/store/apps/details?id=com.hanna.bodyguard.expert", "https://play.google.com/store/apps/details?id=com.lionstudios.mrbullet", "https://play.google.com/store/apps/details?id=com.playgendary.kickthebuddy", "https://play.google.com/store/apps/details?id=com.quok.blobrunner"]}, "Mobile Ad Id": "d9542ecd-8b30-41f3-866e-4dc6aab7178d"}